temperature;year;month;country
-5.0004;1901;1;Slovenia
-4.7414;1901;2;Slovenia
2.97621;1901;3;Slovenia
8.12247;1901;4;Slovenia
12.5008;1901;5;Slovenia
16.7214;1901;6;Slovenia
18.3146;1901;7;Slovenia
17.102;1901;8;Slovenia
13.6187;1901;9;Slovenia
9.86774;1901;10;Slovenia
2.07305;1901;11;Slovenia
1.43088;1901;12;Slovenia
0.96386;1902;1;Slovenia
0.73228;1902;2;Slovenia
3.49404;1902;3;Slovenia
8.62689;1902;4;Slovenia
8.68365;1902;5;Slovenia
14.1754;1902;6;Slovenia
17.2665;1902;7;Slovenia
17.0204;1902;8;Slovenia
13.8633;1902;9;Slovenia
8.91292;1902;10;Slovenia
1.36133;1902;11;Slovenia
-2.2217;1902;12;Slovenia
-2.3087;1903;1;Slovenia
2.14297;1903;2;Slovenia
5.39971;1903;3;Slovenia
4.88325;1903;4;Slovenia
12.3588;1903;5;Slovenia
14.77;1903;6;Slovenia
17.0604;1903;7;Slovenia
17.4615;1903;8;Slovenia
14.0617;1903;9;Slovenia
10.0807;1903;10;Slovenia
4.59635;1903;11;Slovenia
0.5042;1903;12;Slovenia
-1.8207;1904;1;Slovenia
1.9774;1904;2;Slovenia
4.38866;1904;3;Slovenia
8.94905;1904;4;Slovenia
13.0588;1904;5;Slovenia
16.6129;1904;6;Slovenia
19.6772;1904;7;Slovenia
17.7518;1904;8;Slovenia
12.1927;1904;9;Slovenia
9.39433;1904;10;Slovenia
2.79618;1904;11;Slovenia
0.72993;1904;12;Slovenia
-4.7798;1905;1;Slovenia
-0.8918;1905;2;Slovenia
4.63682;1905;3;Slovenia
6.92935;1905;4;Slovenia
11.7926;1905;5;Slovenia
16.0457;1905;6;Slovenia
19.6996;1905;7;Slovenia
18.3677;1905;8;Slovenia
15.6508;1905;9;Slovenia
5.42871;1905;10;Slovenia
4.41231;1905;11;Slovenia
0.82714;1905;12;Slovenia
-1.6799;1906;1;Slovenia
-0.3086;1906;2;Slovenia
3.42019;1906;3;Slovenia
8.07099;1906;4;Slovenia
12.6336;1906;5;Slovenia
15.128;1906;6;Slovenia
17.4977;1906;7;Slovenia
17.4562;1906;8;Slovenia
12.4586;1906;9;Slovenia
9.54713;1906;10;Slovenia
6.10212;1906;11;Slovenia
-2.5412;1906;12;Slovenia
-3.2122;1907;1;Slovenia
-2.363;1907;2;Slovenia
1.29684;1907;3;Slovenia
5.46409;1907;4;Slovenia
13.9539;1907;5;Slovenia
16.8172;1907;6;Slovenia
16.6283;1907;7;Slovenia
18.086;1907;8;Slovenia
14.4502;1907;9;Slovenia
12.7078;1907;10;Slovenia
3.85833;1907;11;Slovenia
0.97742;1907;12;Slovenia
-2.6191;1908;1;Slovenia
0.43204;1908;2;Slovenia
2.14612;1908;3;Slovenia
5.98274;1908;4;Slovenia
15.3511;1908;5;Slovenia
17.821;1908;6;Slovenia
17.7136;1908;7;Slovenia
15.8666;1908;8;Slovenia
12.4324;1908;9;Slovenia
8.8861;1908;10;Slovenia
0.16748;1908;11;Slovenia
-1.946;1908;12;Slovenia
-3.9769;1909;1;Slovenia
-3.2829;1909;2;Slovenia
2.52555;1909;3;Slovenia
8.82575;1909;4;Slovenia
11.6495;1909;5;Slovenia
15.0406;1909;6;Slovenia
16.5331;1909;7;Slovenia
17.5911;1909;8;Slovenia
13.9912;1909;9;Slovenia
10.9034;1909;10;Slovenia
2.46248;1909;11;Slovenia
2.46426;1909;12;Slovenia
-0.3318;1910;1;Slovenia
2.3311;1910;2;Slovenia
4.46862;1910;3;Slovenia
7.2852;1910;4;Slovenia
11.7136;1910;5;Slovenia
16.0411;1910;6;Slovenia
16.1351;1910;7;Slovenia
17.0624;1910;8;Slovenia
12.2081;1910;9;Slovenia
9.78102;1910;10;Slovenia
2.85947;1910;11;Slovenia
3.40747;1910;12;Slovenia
-2.3924;1911;1;Slovenia
-0.6725;1911;2;Slovenia
4.01799;1911;3;Slovenia
7.35933;1911;4;Slovenia
12.1077;1911;5;Slovenia
15.157;1911;6;Slovenia
18.995;1911;7;Slovenia
19.0521;1911;8;Slovenia
15.1463;1911;9;Slovenia
9.46118;1911;10;Slovenia
6.72815;1911;11;Slovenia
2.16178;1911;12;Slovenia
-1.4452;1912;1;Slovenia
3.22222;1912;2;Slovenia
6.25761;1912;3;Slovenia
5.88009;1912;4;Slovenia
12.601;1912;5;Slovenia
16.0717;1912;6;Slovenia
17.6508;1912;7;Slovenia
15.4932;1912;8;Slovenia
9.76816;1912;9;Slovenia
7.48577;1912;10;Slovenia
1.04222;1912;11;Slovenia
0.93955;1912;12;Slovenia
-1.8117;1913;1;Slovenia
-0.9647;1913;2;Slovenia
5.98865;1913;3;Slovenia
7.94245;1913;4;Slovenia
12.0262;1913;5;Slovenia
15.8296;1913;6;Slovenia
14.8675;1913;7;Slovenia
15.5894;1913;8;Slovenia
13.4899;1913;9;Slovenia
10.3419;1913;10;Slovenia
5.96994;1913;11;Slovenia
0.00714;1913;12;Slovenia
-5.4486;1914;1;Slovenia
-0.7275;1914;2;Slovenia
4.54886;1914;3;Slovenia
9.3035;1914;4;Slovenia
11.5348;1914;5;Slovenia
14.6612;1914;6;Slovenia
16.5299;1914;7;Slovenia
17.3987;1914;8;Slovenia
12.8105;1914;9;Slovenia
8.45082;1914;10;Slovenia
2.97774;1914;11;Slovenia
2.15486;1914;12;Slovenia
-0.6501;1915;1;Slovenia
0.45008;1915;2;Slovenia
2.86047;1915;3;Slovenia
7.55459;1915;4;Slovenia
13.5381;1915;5;Slovenia
16.848;1915;6;Slovenia
17.2519;1915;7;Slovenia
15.8462;1915;8;Slovenia
12.0238;1915;9;Slovenia
6.76478;1915;10;Slovenia
1.89306;1915;11;Slovenia
3.98671;1915;12;Slovenia
1.31323;1916;1;Slovenia
0.62998;1916;2;Slovenia
6.39732;1916;3;Slovenia
8.14179;1916;4;Slovenia
13.2264;1916;5;Slovenia
15.4055;1916;6;Slovenia
17.9634;1916;7;Slovenia
17.1739;1916;8;Slovenia
12.3807;1916;9;Slovenia
8.95001;1916;10;Slovenia
5.61585;1916;11;Slovenia
2.89942;1916;12;Slovenia
-1.5435;1917;1;Slovenia
-4.1844;1917;2;Slovenia
1.52386;1917;3;Slovenia
5.48892;1917;4;Slovenia
13.8705;1917;5;Slovenia
18.1165;1917;6;Slovenia
18.2874;1917;7;Slovenia
18.8169;1917;8;Slovenia
16.0395;1917;9;Slovenia
9.32759;1917;10;Slovenia
3.50588;1917;11;Slovenia
-2.1698;1917;12;Slovenia
-0.0069;1918;1;Slovenia
0.10012;1918;2;Slovenia
3.98999;1918;3;Slovenia
9.14099;1918;4;Slovenia
13.1517;1918;5;Slovenia
13.4266;1918;6;Slovenia
17.2954;1918;7;Slovenia
16.623;1918;8;Slovenia
15.307;1918;9;Slovenia
8.51498;1918;10;Slovenia
2.58326;1918;11;Slovenia
1.44665;1918;12;Slovenia
1.34263;1919;1;Slovenia
-0.3611;1919;2;Slovenia
4.43983;1919;3;Slovenia
6.1664;1919;4;Slovenia
9.71953;1919;5;Slovenia
15.2694;1919;6;Slovenia
15.126;1919;7;Slovenia
17.7367;1919;8;Slovenia
15.4415;1919;9;Slovenia
7.16151;1919;10;Slovenia
2.46954;1919;11;Slovenia
0.36246;1919;12;Slovenia
1.79074;1920;1;Slovenia
2.61685;1920;2;Slovenia
6.19509;1920;3;Slovenia
10.0404;1920;4;Slovenia
15.1868;1920;5;Slovenia
14.9368;1920;6;Slovenia
18.6269;1920;7;Slovenia
16.053;1920;8;Slovenia
14.8811;1920;9;Slovenia
7.74433;1920;10;Slovenia
0.86294;1920;11;Slovenia
0.69539;1920;12;Slovenia
2.4431;1921;1;Slovenia
0.44753;1921;2;Slovenia
5.52137;1921;3;Slovenia
6.97133;1921;4;Slovenia
14.0266;1921;5;Slovenia
14.9966;1921;6;Slovenia
19.7732;1921;7;Slovenia
18.8185;1921;8;Slovenia
14.5608;1921;9;Slovenia
11.0552;1921;10;Slovenia
1.60185;1921;11;Slovenia
-1.3071;1921;12;Slovenia
-2.5686;1922;1;Slovenia
-1.8489;1922;2;Slovenia
5.60771;1922;3;Slovenia
6.90688;1922;4;Slovenia
13.4423;1922;5;Slovenia
16.7089;1922;6;Slovenia
17.9456;1922;7;Slovenia
18.3593;1922;8;Slovenia
12.6078;1922;9;Slovenia
7.13024;1922;10;Slovenia
1.69963;1922;11;Slovenia
0.83596;1922;12;Slovenia
-0.2573;1923;1;Slovenia
0.29982;1923;2;Slovenia
4.44835;1923;3;Slovenia
7.15197;1923;4;Slovenia
13.8971;1923;5;Slovenia
12.6067;1923;6;Slovenia
18.7978;1923;7;Slovenia
18.4004;1923;8;Slovenia
13.8556;1923;9;Slovenia
12.0911;1923;10;Slovenia
5.26565;1923;11;Slovenia
-0.5501;1923;12;Slovenia
-3.2078;1924;1;Slovenia
-2.0037;1924;2;Slovenia
2.63115;1924;3;Slovenia
7.79485;1924;4;Slovenia
14.328;1924;5;Slovenia
16.0958;1924;6;Slovenia
17.5809;1924;7;Slovenia
15.1278;1924;8;Slovenia
15.1149;1924;9;Slovenia
9.28521;1924;10;Slovenia
3.24919;1924;11;Slovenia
0.23658;1924;12;Slovenia
0.10804;1925;1;Slovenia
3.27206;1925;2;Slovenia
2.15111;1925;3;Slovenia
8.3944;1925;4;Slovenia
13.1627;1925;5;Slovenia
15.3112;1925;6;Slovenia
17.6262;1925;7;Slovenia
17.2795;1925;8;Slovenia
12.1872;1925;9;Slovenia
9.68741;1925;10;Slovenia
3.72562;1925;11;Slovenia
-2.0386;1925;12;Slovenia
-1.9818;1926;1;Slovenia
4.28656;1926;2;Slovenia
3.71659;1926;3;Slovenia
9.40283;1926;4;Slovenia
11.4141;1926;5;Slovenia
13.8109;1926;6;Slovenia
16.4211;1926;7;Slovenia
16.4796;1926;8;Slovenia
15.5292;1926;9;Slovenia
10.2343;1926;10;Slovenia
8.79835;1926;11;Slovenia
-0.5569;1926;12;Slovenia
-0.1265;1927;1;Slovenia
-0.611;1927;2;Slovenia
5.69452;1927;3;Slovenia
8.40169;1927;4;Slovenia
12.4149;1927;5;Slovenia
17.3471;1927;6;Slovenia
18.9323;1927;7;Slovenia
18.1174;1927;8;Slovenia
14.6874;1927;9;Slovenia
9.25719;1927;10;Slovenia
5.22253;1927;11;Slovenia
-1.8914;1927;12;Slovenia
-0.7616;1928;1;Slovenia
1.05332;1928;2;Slovenia
2.65404;1928;3;Slovenia
8.71471;1928;4;Slovenia
9.94334;1928;5;Slovenia
15.7258;1928;6;Slovenia
20.7988;1928;7;Slovenia
19.3273;1928;8;Slovenia
13.9885;1928;9;Slovenia
9.35389;1928;10;Slovenia
5.20394;1928;11;Slovenia
-1.334;1928;12;Slovenia
-5.76;1929;1;Slovenia
-5.8225;1929;2;Slovenia
3.01863;1929;3;Slovenia
5.76142;1929;4;Slovenia
13.7448;1929;5;Slovenia
16.3718;1929;6;Slovenia
18.8397;1929;7;Slovenia
18.6382;1929;8;Slovenia
15.319;1929;9;Slovenia
9.70249;1929;10;Slovenia
5.0418;1929;11;Slovenia
1.13261;1929;12;Slovenia
0.42845;1930;1;Slovenia
-0.4631;1930;2;Slovenia
5.66968;1930;3;Slovenia
8.81656;1930;4;Slovenia
11.8129;1930;5;Slovenia
17.9427;1930;6;Slovenia
17.3377;1930;7;Slovenia
17.1127;1930;8;Slovenia
14.9546;1930;9;Slovenia
8.8943;1930;10;Slovenia
6.3154;1930;11;Slovenia
0.0115;1930;12;Slovenia
-1.0363;1931;1;Slovenia
-0.4959;1931;2;Slovenia
1.47907;1931;3;Slovenia
6.59465;1931;4;Slovenia
14.5133;1931;5;Slovenia
18.2789;1931;6;Slovenia
19.045;1931;7;Slovenia
17.2188;1931;8;Slovenia
10.2069;1931;9;Slovenia
8.34349;1931;10;Slovenia
4.292;1931;11;Slovenia
-1.7249;1931;12;Slovenia
-0.2582;1932;1;Slovenia
-4.5322;1932;2;Slovenia
0.14329;1932;3;Slovenia
6.91335;1932;4;Slovenia
12.8338;1932;5;Slovenia
14.8631;1932;6;Slovenia
18.5925;1932;7;Slovenia
20.1223;1932;8;Slovenia
17.6183;1932;9;Slovenia
9.66705;1932;10;Slovenia
4.69037;1932;11;Slovenia
1.24535;1932;12;Slovenia
-3.2191;1933;1;Slovenia
-0.3577;1933;2;Slovenia
4.17758;1933;3;Slovenia
7.28645;1933;4;Slovenia
10.8625;1933;5;Slovenia
13.2255;1933;6;Slovenia
18.0729;1933;7;Slovenia
17.8991;1933;8;Slovenia
13.726;1933;9;Slovenia
9.29578;1933;10;Slovenia
3.38343;1933;11;Slovenia
-3.8749;1933;12;Slovenia
-1.43;1934;1;Slovenia
0.59361;1934;2;Slovenia
5.59598;1934;3;Slovenia
10.4661;1934;4;Slovenia
14.3335;1934;5;Slovenia
15.5341;1934;6;Slovenia
18.4797;1934;7;Slovenia
17.1442;1934;8;Slovenia
15.3505;1934;9;Slovenia
9.02436;1934;10;Slovenia
4.7327;1934;11;Slovenia
3.62924;1934;12;Slovenia
-4.1514;1935;1;Slovenia
0.13488;1935;2;Slovenia
2.32799;1935;3;Slovenia
7.49876;1935;4;Slovenia
11.0708;1935;5;Slovenia
18.2172;1935;6;Slovenia
18.3894;1935;7;Slovenia
17.0857;1935;8;Slovenia
14.3296;1935;9;Slovenia
10.7735;1935;10;Slovenia
4.43448;1935;11;Slovenia
-0.3879;1935;12;Slovenia
2.48705;1936;1;Slovenia
1.1835;1936;2;Slovenia
5.96444;1936;3;Slovenia
8.38898;1936;4;Slovenia
13.0484;1936;5;Slovenia
15.586;1936;6;Slovenia
18.6798;1936;7;Slovenia
16.8538;1936;8;Slovenia
13.9426;1936;9;Slovenia
5.5802;1936;10;Slovenia
3.8052;1936;11;Slovenia
0.26246;1936;12;Slovenia
-1.9453;1937;1;Slovenia
1.75976;1937;2;Slovenia
4.50787;1937;3;Slovenia
7.3032;1937;4;Slovenia
14.1781;1937;5;Slovenia
17.2431;1937;6;Slovenia
17.8818;1937;7;Slovenia
16.8737;1937;8;Slovenia
13.7228;1937;9;Slovenia
9.55304;1937;10;Slovenia
3.34489;1937;11;Slovenia
-1.207;1937;12;Slovenia
-2.0012;1938;1;Slovenia
-0.0614;1938;2;Slovenia
6.55333;1938;3;Slovenia
4.78428;1938;4;Slovenia
11.1452;1938;5;Slovenia
18.0053;1938;6;Slovenia
18.2399;1938;7;Slovenia
17.1502;1938;8;Slovenia
13.563;1938;9;Slovenia
10.3625;1938;10;Slovenia
6.10538;1938;11;Slovenia
-1.8007;1938;12;Slovenia
0.81503;1939;1;Slovenia
2.43319;1939;2;Slovenia
0.87677;1939;3;Slovenia
10.5888;1939;4;Slovenia
10.5958;1939;5;Slovenia
16.1632;1939;6;Slovenia
18.3657;1939;7;Slovenia
17.8795;1939;8;Slovenia
13.4993;1939;9;Slovenia
8.0975;1939;10;Slovenia
5.13482;1939;11;Slovenia
-1.7097;1939;12;Slovenia
-6.2195;1940;1;Slovenia
-2.2866;1940;2;Slovenia
2.50441;1940;3;Slovenia
8.06523;1940;4;Slovenia
11.545;1940;5;Slovenia
15.4818;1940;6;Slovenia
16.6697;1940;7;Slovenia
15.0937;1940;8;Slovenia
14.097;1940;9;Slovenia
8.947;1940;10;Slovenia
5.68319;1940;11;Slovenia
-4.8499;1940;12;Slovenia
-2.8908;1941;1;Slovenia
0.70264;1941;2;Slovenia
4.25645;1941;3;Slovenia
7.08857;1941;4;Slovenia
9.96245;1941;5;Slovenia
16.2389;1941;6;Slovenia
17.9931;1941;7;Slovenia
16.628;1941;8;Slovenia
12.5017;1941;9;Slovenia
8.29315;1941;10;Slovenia
1.42222;1941;11;Slovenia
-0.7859;1941;12;Slovenia
-7.7284;1942;1;Slovenia
-3.4608;1942;2;Slovenia
2.59476;1942;3;Slovenia
6.86618;1942;4;Slovenia
13.2309;1942;5;Slovenia
16.2809;1942;6;Slovenia
17.5055;1942;7;Slovenia
18.1962;1942;8;Slovenia
17.8134;1942;9;Slovenia
11.7257;1942;10;Slovenia
3.42378;1942;11;Slovenia
1.72219;1942;12;Slovenia
-3.6044;1943;1;Slovenia
2.5903;1943;2;Slovenia
5.03485;1943;3;Slovenia
9.49278;1943;4;Slovenia
12.5163;1943;5;Slovenia
14.8977;1943;6;Slovenia
18.1332;1943;7;Slovenia
19.9985;1943;8;Slovenia
16.2528;1943;9;Slovenia
11.4758;1943;10;Slovenia
2.66958;1943;11;Slovenia
1.01023;1943;12;Slovenia
0.63692;1944;1;Slovenia
-1.7997;1944;2;Slovenia
0.51186;1944;3;Slovenia
9.11501;1944;4;Slovenia
12.0572;1944;5;Slovenia
14.9601;1944;6;Slovenia
17.5948;1944;7;Slovenia
20.0108;1944;8;Slovenia
13.6864;1944;9;Slovenia
9.05781;1944;10;Slovenia
3.12842;1944;11;Slovenia
-1.6144;1944;12;Slovenia
-5.7369;1945;1;Slovenia
1.9366;1945;2;Slovenia
5.3969;1945;3;Slovenia
9.28541;1945;4;Slovenia
15.1167;1945;5;Slovenia
17.9948;1945;6;Slovenia
19.525;1945;7;Slovenia
17.6899;1945;8;Slovenia
14.5234;1945;9;Slovenia
9.1066;1945;10;Slovenia
3.31987;1945;11;Slovenia
-0.0904;1945;12;Slovenia
-2.8706;1946;1;Slovenia
1.41038;1946;2;Slovenia
5.35655;1946;3;Slovenia
10.8051;1946;4;Slovenia
14.6496;1946;5;Slovenia
16.7233;1946;6;Slovenia
19.707;1946;7;Slovenia
19.4392;1946;8;Slovenia
16.597;1946;9;Slovenia
7.17188;1946;10;Slovenia
3.95841;1946;11;Slovenia
-3.0504;1946;12;Slovenia
-6.339;1947;1;Slovenia
-1.6689;1947;2;Slovenia
4.88714;1947;3;Slovenia
10.8202;1947;4;Slovenia
14.1478;1947;5;Slovenia
17.6333;1947;6;Slovenia
19.4835;1947;7;Slovenia
18.6405;1947;8;Slovenia
17.2293;1947;9;Slovenia
8.84135;1947;10;Slovenia
5.49979;1947;11;Slovenia
-0.4322;1947;12;Slovenia
1.8316;1948;1;Slovenia
-0.4336;1948;2;Slovenia
6.05478;1948;3;Slovenia
9.33143;1948;4;Slovenia
13.8966;1948;5;Slovenia
15.0352;1948;6;Slovenia
15.7302;1948;7;Slovenia
17.7668;1948;8;Slovenia
14.9104;1948;9;Slovenia
10.3179;1948;10;Slovenia
4.8044;1948;11;Slovenia
-0.6315;1948;12;Slovenia
0.97121;1949;1;Slovenia
1.79822;1949;2;Slovenia
1.488;1949;3;Slovenia
11.0544;1949;4;Slovenia
12.6999;1949;5;Slovenia
14.7673;1949;6;Slovenia
17.9659;1949;7;Slovenia
17.1468;1949;8;Slovenia
16.0899;1949;9;Slovenia
10.9591;1949;10;Slovenia
4.38677;1949;11;Slovenia
1.36103;1949;12;Slovenia
-2.8276;1950;1;Slovenia
1.96577;1950;2;Slovenia
5.79995;1950;3;Slovenia
8.1049;1950;4;Slovenia
14.6352;1950;5;Slovenia
18.3297;1950;6;Slovenia
20.734;1950;7;Slovenia
19.3501;1950;8;Slovenia
14.6008;1950;9;Slovenia
8.97913;1950;10;Slovenia
4.04879;1950;11;Slovenia
-0.2079;1950;12;Slovenia
1.06747;1951;1;Slovenia
2.73791;1951;2;Slovenia
3.32962;1951;3;Slovenia
8.27375;1951;4;Slovenia
12.3073;1951;5;Slovenia
16.5928;1951;6;Slovenia
17.7669;1951;7;Slovenia
18.8915;1951;8;Slovenia
16.184;1951;9;Slovenia
8.3106;1951;10;Slovenia
6.31558;1951;11;Slovenia
0.95768;1951;12;Slovenia
-2.0744;1952;1;Slovenia
-1.8681;1952;2;Slovenia
2.21531;1952;3;Slovenia
10.7675;1952;4;Slovenia
12.5613;1952;5;Slovenia
17.1126;1952;6;Slovenia
20.3523;1952;7;Slovenia
19.5078;1952;8;Slovenia
12.7165;1952;9;Slovenia
8.88155;1952;10;Slovenia
2.76091;1952;11;Slovenia
-0.5497;1952;12;Slovenia
-2.0063;1953;1;Slovenia
-0.9161;1953;2;Slovenia
3.98826;1953;3;Slovenia
9.39758;1953;4;Slovenia
12.7036;1953;5;Slovenia
15.9107;1953;6;Slovenia
18.6472;1953;7;Slovenia
16.9176;1953;8;Slovenia
15.0124;1953;9;Slovenia
11.6349;1953;10;Slovenia
3.16366;1953;11;Slovenia
0.30914;1953;12;Slovenia
-5.3393;1954;1;Slovenia
-4.2963;1954;2;Slovenia
4.88176;1954;3;Slovenia
6.81487;1954;4;Slovenia
11.5057;1954;5;Slovenia
17.2279;1954;6;Slovenia
16.2063;1954;7;Slovenia
16.8322;1954;8;Slovenia
15.3815;1954;9;Slovenia
8.98344;1954;10;Slovenia
3.61482;1954;11;Slovenia
2.29528;1954;12;Slovenia
-0.3662;1955;1;Slovenia
0.65798;1955;2;Slovenia
1.14632;1955;3;Slovenia
6.83769;1955;4;Slovenia
11.2957;1955;5;Slovenia
15.2232;1955;6;Slovenia
17.5774;1955;7;Slovenia
16.5161;1955;8;Slovenia
14.261;1955;9;Slovenia
8.99104;1955;10;Slovenia
3.13856;1955;11;Slovenia
1.78596;1955;12;Slovenia
0.59719;1956;1;Slovenia
-6.2307;1956;2;Slovenia
1.32343;1956;3;Slovenia
6.91154;1956;4;Slovenia
12.9979;1956;5;Slovenia
14.5657;1956;6;Slovenia
18.4162;1956;7;Slovenia
17.6537;1956;8;Slovenia
15.2804;1956;9;Slovenia
8.82686;1956;10;Slovenia
1.78657;1956;11;Slovenia
-0.8078;1956;12;Slovenia
-2.3297;1957;1;Slovenia
2.83527;1957;2;Slovenia
5.73516;1957;3;Slovenia
8.11279;1957;4;Slovenia
10.1948;1957;5;Slovenia
17.7857;1957;6;Slovenia
18.2087;1957;7;Slovenia
16.6577;1957;8;Slovenia
13.4691;1957;9;Slovenia
9.37924;1957;10;Slovenia
5.34746;1957;11;Slovenia
0.48538;1957;12;Slovenia
-1.5728;1958;1;Slovenia
2.00597;1958;2;Slovenia
0.48656;1958;3;Slovenia
6.14885;1958;4;Slovenia
15.9418;1958;5;Slovenia
15.5911;1958;6;Slovenia
18.7667;1958;7;Slovenia
18.3654;1958;8;Slovenia
14.817;1958;9;Slovenia
10.1027;1958;10;Slovenia
5.56243;1958;11;Slovenia
1.94041;1958;12;Slovenia
-0.4836;1959;1;Slovenia
-0.1256;1959;2;Slovenia
6.20187;1959;3;Slovenia
8.99766;1959;4;Slovenia
12.4523;1959;5;Slovenia
15.5178;1959;6;Slovenia
18.8854;1959;7;Slovenia
16.956;1959;8;Slovenia
13.1962;1959;9;Slovenia
8.28507;1959;10;Slovenia
4.73291;1959;11;Slovenia
2.74911;1959;12;Slovenia
-1.6272;1960;1;Slovenia
0.06879;1960;2;Slovenia
4.27061;1960;3;Slovenia
8.3093;1960;4;Slovenia
12.4082;1960;5;Slovenia
16.662;1960;6;Slovenia
16.1018;1960;7;Slovenia
17.3224;1960;8;Slovenia
13.5597;1960;9;Slovenia
10.356;1960;10;Slovenia
5.9252;1960;11;Slovenia
2.34972;1960;12;Slovenia
-2.0181;1961;1;Slovenia
2.29873;1961;2;Slovenia
6.39924;1961;3;Slovenia
11.3048;1961;4;Slovenia
11.7771;1961;5;Slovenia
16.9866;1961;6;Slovenia
16.6873;1961;7;Slovenia
17.6328;1961;8;Slovenia
16.4796;1961;9;Slovenia
11.151;1961;10;Slovenia
4.79231;1961;11;Slovenia
-1.2511;1961;12;Slovenia
-0.5127;1962;1;Slovenia
-0.2788;1962;2;Slovenia
0.92611;1962;3;Slovenia
8.35009;1962;4;Slovenia
11.4735;1962;5;Slovenia
14.877;1962;6;Slovenia
16.4966;1962;7;Slovenia
19.331;1962;8;Slovenia
13.7922;1962;9;Slovenia
10.0515;1962;10;Slovenia
3.61049;1962;11;Slovenia
-3.6812;1962;12;Slovenia
-5.9549;1963;1;Slovenia
-4.0044;1963;2;Slovenia
2.18464;1963;3;Slovenia
9.31737;1963;4;Slovenia
12.7223;1963;5;Slovenia
16.7436;1963;6;Slovenia
19.3276;1963;7;Slovenia
17.9118;1963;8;Slovenia
15.2393;1963;9;Slovenia
9.28404;1963;10;Slovenia
8.05146;1963;11;Slovenia
-3.1681;1963;12;Slovenia
-5.3093;1964;1;Slovenia
-0.0829;1964;2;Slovenia
2.32058;1964;3;Slovenia
9.22154;1964;4;Slovenia
13.0623;1964;5;Slovenia
18.0913;1964;6;Slovenia
18.3869;1964;7;Slovenia
16.8666;1964;8;Slovenia
14.2235;1964;9;Slovenia
8.87845;1964;10;Slovenia
5.6449;1964;11;Slovenia
0.15494;1964;12;Slovenia
-0.0736;1965;1;Slovenia
-2.8703;1965;2;Slovenia
3.91677;1965;3;Slovenia
6.98352;1965;4;Slovenia
11.5198;1965;5;Slovenia
16.1133;1965;6;Slovenia
17.3454;1965;7;Slovenia
16.0856;1965;8;Slovenia
14.0704;1965;9;Slovenia
9.14508;1965;10;Slovenia
3.00496;1965;11;Slovenia
0.87986;1965;12;Slovenia
-3.5822;1966;1;Slovenia
4.67366;1966;2;Slovenia
3.56716;1966;3;Slovenia
10.1836;1966;4;Slovenia
13.0414;1966;5;Slovenia
17.0682;1966;6;Slovenia
16.8291;1966;7;Slovenia
16.5028;1966;8;Slovenia
14.9286;1966;9;Slovenia
12.6931;1966;10;Slovenia
2.75795;1966;11;Slovenia
0.22288;1966;12;Slovenia
-2.0859;1967;1;Slovenia
0.78136;1967;2;Slovenia
5.37435;1967;3;Slovenia
7.55317;1967;4;Slovenia
13.3666;1967;5;Slovenia
15.4339;1967;6;Slovenia
19.5136;1967;7;Slovenia
17.8563;1967;8;Slovenia
15.0725;1967;9;Slovenia
11.0237;1967;10;Slovenia
5.05184;1967;11;Slovenia
-0.848;1967;12;Slovenia
-3.2018;1968;1;Slovenia
1.74303;1968;2;Slovenia
4.70493;1968;3;Slovenia
10.2277;1968;4;Slovenia
13.3711;1968;5;Slovenia
16.1087;1968;6;Slovenia
17.8296;1968;7;Slovenia
16.343;1968;8;Slovenia
13.9127;1968;9;Slovenia
10.5837;1968;10;Slovenia
5.06777;1968;11;Slovenia
-2.441;1968;12;Slovenia
-1.7194;1969;1;Slovenia
-1.3528;1969;2;Slovenia
2.45768;1969;3;Slovenia
7.62847;1969;4;Slovenia
14.4546;1969;5;Slovenia
15.004;1969;6;Slovenia
17.8257;1969;7;Slovenia
16.2779;1969;8;Slovenia
14.7085;1969;9;Slovenia
10.0153;1969;10;Slovenia
6.0228;1969;11;Slovenia
-3.2281;1969;12;Slovenia
-0.9941;1970;1;Slovenia
-0.533;1970;2;Slovenia
2.10707;1970;3;Slovenia
6.77394;1970;4;Slovenia
10.5322;1970;5;Slovenia
17.036;1970;6;Slovenia
17.383;1970;7;Slovenia
17.6293;1970;8;Slovenia
14.6275;1970;9;Slovenia
8.57156;1970;10;Slovenia
6.13811;1970;11;Slovenia
-0.508;1970;12;Slovenia
-1.069;1971;1;Slovenia
1.31996;1971;2;Slovenia
1.11472;1971;3;Slovenia
9.29239;1971;4;Slovenia
13.8425;1971;5;Slovenia
15.181;1971;6;Slovenia
18.6245;1971;7;Slovenia
19.2684;1971;8;Slovenia
12.2557;1971;9;Slovenia
8.62311;1971;10;Slovenia
3.73865;1971;11;Slovenia
0.24144;1971;12;Slovenia
-1.9524;1972;1;Slovenia
2.49567;1972;2;Slovenia
6.16279;1972;3;Slovenia
8.26425;1972;4;Slovenia
12.0086;1972;5;Slovenia
16.285;1972;6;Slovenia
18.0053;1972;7;Slovenia
17.0837;1972;8;Slovenia
11.3416;1972;9;Slovenia
7.8832;1972;10;Slovenia
3.89321;1972;11;Slovenia
0.04013;1972;12;Slovenia
-0.7712;1973;1;Slovenia
0.4386;1973;2;Slovenia
3.19731;1973;3;Slovenia
6.13643;1973;4;Slovenia
13.2217;1973;5;Slovenia
16.2677;1973;6;Slovenia
17.9124;1973;7;Slovenia
18.2937;1973;8;Slovenia
15.1653;1973;9;Slovenia
8.44077;1973;10;Slovenia
2.76487;1973;11;Slovenia
-0.5463;1973;12;Slovenia
0.95129;1974;1;Slovenia
3.82675;1974;2;Slovenia
5.60637;1974;3;Slovenia
7.65845;1974;4;Slovenia
11.7046;1974;5;Slovenia
14.233;1974;6;Slovenia
17.4358;1974;7;Slovenia
18.9227;1974;8;Slovenia
14.2761;1974;9;Slovenia
6.1417;1974;10;Slovenia
4.40644;1974;11;Slovenia
1.61121;1974;12;Slovenia
2.27538;1975;1;Slovenia
0.91872;1975;2;Slovenia
4.63907;1975;3;Slovenia
8.11781;1975;4;Slovenia
13.7506;1975;5;Slovenia
14.8798;1975;6;Slovenia
17.8334;1975;7;Slovenia
17.3215;1975;8;Slovenia
16.4479;1975;9;Slovenia
9.14464;1975;10;Slovenia
3.38053;1975;11;Slovenia
0.33045;1975;12;Slovenia
-0.1344;1976;1;Slovenia
0.359;1976;2;Slovenia
1.32051;1976;3;Slovenia
8.16214;1976;4;Slovenia
12.8968;1976;5;Slovenia
16.448;1976;6;Slovenia
18.5861;1976;7;Slovenia
14.8032;1976;8;Slovenia
12.8122;1976;9;Slovenia
10.1484;1976;10;Slovenia
5.46713;1976;11;Slovenia
-0.4331;1976;12;Slovenia
0.59757;1977;1;Slovenia
3.13504;1977;2;Slovenia
6.72768;1977;3;Slovenia
6.97885;1977;4;Slovenia
12.5503;1977;5;Slovenia
16.2566;1977;6;Slovenia
17.3744;1977;7;Slovenia
16.7021;1977;8;Slovenia
12.3268;1977;9;Slovenia
10.5579;1977;10;Slovenia
4.49009;1977;11;Slovenia
-0.3077;1977;12;Slovenia
-0.4201;1978;1;Slovenia
-0.4551;1978;2;Slovenia
4.90189;1978;3;Slovenia
6.93635;1978;4;Slovenia
10.5974;1978;5;Slovenia
15.1692;1978;6;Slovenia
16.2788;1978;7;Slovenia
16.1803;1978;8;Slovenia
13.2403;1978;9;Slovenia
9.32881;1978;10;Slovenia
1.95471;1978;11;Slovenia
-0.5734;1978;12;Slovenia
-3.0073;1979;1;Slovenia
0.61029;1979;2;Slovenia
5.17302;1979;3;Slovenia
7.05448;1979;4;Slovenia
13.2705;1979;5;Slovenia
17.8103;1979;6;Slovenia
16.6552;1979;7;Slovenia
16.5243;1979;8;Slovenia
14.386;1979;9;Slovenia
9.08262;1979;10;Slovenia
4.15316;1979;11;Slovenia
2.30716;1979;12;Slovenia
-2.5276;1980;1;Slovenia
1.613;1980;2;Slovenia
4.53112;1980;3;Slovenia
6.13636;1980;4;Slovenia
10.3593;1980;5;Slovenia
14.8631;1980;6;Slovenia
16.585;1980;7;Slovenia
17.9972;1980;8;Slovenia
14.3977;1980;9;Slovenia
9.08307;1980;10;Slovenia
2.22222;1980;11;Slovenia
-1.6525;1980;12;Slovenia
-3.5034;1981;1;Slovenia
-0.9438;1981;2;Slovenia
5.96406;1981;3;Slovenia
8.66658;1981;4;Slovenia
12.4101;1981;5;Slovenia
16.4016;1981;6;Slovenia
17.2908;1981;7;Slovenia
17.6602;1981;8;Slovenia
14.8339;1981;9;Slovenia
10.6393;1981;10;Slovenia
3.37337;1981;11;Slovenia
-0.8337;1981;12;Slovenia
-2.293;1982;1;Slovenia
-1.5534;1982;2;Slovenia
3.32311;1982;3;Slovenia
6.6722;1982;4;Slovenia
13.0299;1982;5;Slovenia
17.0694;1982;6;Slovenia
18.8288;1982;7;Slovenia
17.8612;1982;8;Slovenia
17.0296;1982;9;Slovenia
10.3205;1982;10;Slovenia
5.14469;1982;11;Slovenia
2.13636;1982;12;Slovenia
1.0327;1983;1;Slovenia
-2.0751;1983;2;Slovenia
4.82744;1983;3;Slovenia
9.71014;1983;4;Slovenia
13.396;1983;5;Slovenia
16.046;1983;6;Slovenia
20.5531;1983;7;Slovenia
18.1385;1983;8;Slovenia
14.9236;1983;9;Slovenia
9.82029;1983;10;Slovenia
2.10972;1983;11;Slovenia
-0.2194;1983;12;Slovenia
-1.0507;1984;1;Slovenia
-0.6438;1984;2;Slovenia
2.89793;1984;3;Slovenia
7.57931;1984;4;Slovenia
10.7725;1984;5;Slovenia
15.0858;1984;6;Slovenia
16.8025;1984;7;Slovenia
16.9458;1984;8;Slovenia
13.8034;1984;9;Slovenia
10.621;1984;10;Slovenia
4.81606;1984;11;Slovenia
0.86137;1984;12;Slovenia
-5.2634;1985;1;Slovenia
-2.7662;1985;2;Slovenia
3.1883;1985;3;Slovenia
7.8031;1985;4;Slovenia
13.3301;1985;5;Slovenia
14.5137;1985;6;Slovenia
18.7873;1985;7;Slovenia
18.2695;1985;8;Slovenia
15.4225;1985;9;Slovenia
9.70497;1985;10;Slovenia
2.13258;1985;11;Slovenia
2.45066;1985;12;Slovenia
-1.1668;1986;1;Slovenia
-3.854;1986;2;Slovenia
2.31857;1986;3;Slovenia
8.4911;1986;4;Slovenia
15.3384;1986;5;Slovenia
15.4812;1986;6;Slovenia
17.4164;1986;7;Slovenia
18.6047;1986;8;Slovenia
13.9694;1986;9;Slovenia
9.9267;1986;10;Slovenia
4.66555;1986;11;Slovenia
-1.4852;1986;12;Slovenia
-4.1881;1987;1;Slovenia
-0.1578;1987;2;Slovenia
-0.4666;1987;3;Slovenia
8.90188;1987;4;Slovenia
11.2468;1987;5;Slovenia
15.6307;1987;6;Slovenia
18.7175;1987;7;Slovenia
17.0154;1987;8;Slovenia
17.2659;1987;9;Slovenia
10.6105;1987;10;Slovenia
4.18057;1987;11;Slovenia
0.73264;1987;12;Slovenia
2.05021;1988;1;Slovenia
1.85816;1988;2;Slovenia
3.4617;1988;3;Slovenia
8.30621;1988;4;Slovenia
13.2928;1988;5;Slovenia
15.5452;1988;6;Slovenia
19.5608;1988;7;Slovenia
18.6923;1988;8;Slovenia
14.2788;1988;9;Slovenia
10.5639;1988;10;Slovenia
0.78534;1988;11;Slovenia
0.12777;1988;12;Slovenia
-0.7728;1989;1;Slovenia
2.71408;1989;2;Slovenia
6.71678;1989;3;Slovenia
9.12953;1989;4;Slovenia
12.5429;1989;5;Slovenia
14.6798;1989;6;Slovenia
18.2099;1989;7;Slovenia
17.7415;1989;8;Slovenia
14.2514;1989;9;Slovenia
9.23036;1989;10;Slovenia
2.99696;1989;11;Slovenia
1.19013;1989;12;Slovenia
-0.571;1990;1;Slovenia
4.42034;1990;2;Slovenia
6.97693;1990;3;Slovenia
7.70943;1990;4;Slovenia
14.0735;1990;5;Slovenia
15.847;1990;6;Slovenia
18.0732;1990;7;Slovenia
18.559;1990;8;Slovenia
13.3072;1990;9;Slovenia
10.653;1990;10;Slovenia
4.88357;1990;11;Slovenia
-0.452;1990;12;Slovenia
-0.2316;1991;1;Slovenia
-2.6037;1991;2;Slovenia
6.71824;1991;3;Slovenia
7.25903;1991;4;Slovenia
9.6766;1991;5;Slovenia
15.882;1991;6;Slovenia
19.45;1991;7;Slovenia
18.8069;1991;8;Slovenia
16.0222;1991;9;Slovenia
8.66366;1991;10;Slovenia
4.40859;1991;11;Slovenia
-1.5151;1991;12;Slovenia
0.20281;1992;1;Slovenia
1.83322;1992;2;Slovenia
4.56854;1992;3;Slovenia
8.69909;1992;4;Slovenia
14.0726;1992;5;Slovenia
16.5916;1992;6;Slovenia
19.0392;1992;7;Slovenia
21.7893;1992;8;Slovenia
15.3097;1992;9;Slovenia
8.88724;1992;10;Slovenia
5.64675;1992;11;Slovenia
0.36144;1992;12;Slovenia
-0.1659;1993;1;Slovenia
-0.1354;1993;2;Slovenia
3.21762;1993;3;Slovenia
9.15727;1993;4;Slovenia
15.2864;1993;5;Slovenia
17.1849;1993;6;Slovenia
17.9063;1993;7;Slovenia
19.0634;1993;8;Slovenia
14.0784;1993;9;Slovenia
10.6482;1993;10;Slovenia
1.89585;1993;11;Slovenia
0.98814;1993;12;Slovenia
2.07041;1994;1;Slovenia
0.97231;1994;2;Slovenia
7.85248;1994;3;Slovenia
8.48069;1994;4;Slovenia
13.4649;1994;5;Slovenia
17.0839;1994;6;Slovenia
20.981;1994;7;Slovenia
20.3682;1994;8;Slovenia
16.2012;1994;9;Slovenia
8.79443;1994;10;Slovenia
7.04058;1994;11;Slovenia
1.45576;1994;12;Slovenia
-0.8732;1995;1;Slovenia
3.31385;1995;2;Slovenia
3.47453;1995;3;Slovenia
8.95684;1995;4;Slovenia
12.9932;1995;5;Slovenia
15.091;1995;6;Slovenia
20.5504;1995;7;Slovenia
17.5177;1995;8;Slovenia
13.2193;1995;9;Slovenia
11.3938;1995;10;Slovenia
3.59086;1995;11;Slovenia
0.2239;1995;12;Slovenia
-0.7584;1996;1;Slovenia
-2.0249;1996;2;Slovenia
1.72168;1996;3;Slovenia
8.76235;1996;4;Slovenia
13.8811;1996;5;Slovenia
17.491;1996;6;Slovenia
17.203;1996;7;Slovenia
17.9099;1996;8;Slovenia
11.7906;1996;9;Slovenia
10.1997;1996;10;Slovenia
6.32179;1996;11;Slovenia
-1.3173;1996;12;Slovenia
-0.6511;1997;1;Slovenia
2.5214;1997;2;Slovenia
5.61143;1997;3;Slovenia
6.30981;1997;4;Slovenia
13.9931;1997;5;Slovenia
16.8234;1997;6;Slovenia
17.8215;1997;7;Slovenia
18.4962;1997;8;Slovenia
15.574;1997;9;Slovenia
8.64565;1997;10;Slovenia
4.75329;1997;11;Slovenia
1.79841;1997;12;Slovenia
1.64267;1998;1;Slovenia
3.97243;1998;2;Slovenia
3.88399;1998;3;Slovenia
9.29135;1998;4;Slovenia
13.5266;1998;5;Slovenia
17.7747;1998;6;Slovenia
19.1732;1998;7;Slovenia
19.6088;1998;8;Slovenia
14.1222;1998;9;Slovenia
10.3043;1998;10;Slovenia
2.61008;1998;11;Slovenia
-2.0691;1998;12;Slovenia
-0.512;1999;1;Slovenia
-0.2217;1999;2;Slovenia
5.84664;1999;3;Slovenia
9.63713;1999;4;Slovenia
14.1925;1999;5;Slovenia
16.9962;1999;6;Slovenia
19.1053;1999;7;Slovenia
18.596;1999;8;Slovenia
16.7029;1999;9;Slovenia
10.861;1999;10;Slovenia
2.99581;1999;11;Slovenia
-0.2787;1999;12;Slovenia
-2.4577;2000;1;Slovenia
2.67191;2000;2;Slovenia
5.4418;2000;3;Slovenia
11.156;2000;4;Slovenia
15.1248;2000;5;Slovenia
18.5215;2000;6;Slovenia
17.4513;2000;7;Slovenia
20.2356;2000;8;Slovenia
15.104;2000;9;Slovenia
11.7967;2000;10;Slovenia
7.31938;2000;11;Slovenia
2.97986;2000;12;Slovenia
1.48465;2001;1;Slovenia
2.81509;2001;2;Slovenia
7.03639;2001;3;Slovenia
7.92842;2001;4;Slovenia
15.3053;2001;5;Slovenia
15.7675;2001;6;Slovenia
19.4298;2001;7;Slovenia
20.4413;2001;8;Slovenia
12.3412;2001;9;Slovenia
12.8915;2001;10;Slovenia
3.21558;2001;11;Slovenia
-2.7223;2001;12;Slovenia
-0.8767;2002;1;Slovenia
3.70477;2002;2;Slovenia
6.64182;2002;3;Slovenia
8.26085;2002;4;Slovenia
14.6674;2002;5;Slovenia
18.5181;2002;6;Slovenia
19.0532;2002;7;Slovenia
18.4514;2002;8;Slovenia
13.8689;2002;9;Slovenia
9.92405;2002;10;Slovenia
7.97455;2002;11;Slovenia
1.13385;2002;12;Slovenia
-1.3211;2003;1;Slovenia
-2.3764;2003;2;Slovenia
5.10454;2003;3;Slovenia
8.10935;2003;4;Slovenia
15.8771;2003;5;Slovenia
19.4259;2003;6;Slovenia
20.3476;2003;7;Slovenia
21.6082;2003;8;Slovenia
14.1452;2003;9;Slovenia
7.83998;2003;10;Slovenia
6.58267;2003;11;Slovenia
1.06497;2003;12;Slovenia
-1.5556;2004;1;Slovenia
0.88681;2004;2;Slovenia
3.12276;2004;3;Slovenia
8.75614;2004;4;Slovenia
11.7313;2004;5;Slovenia
16.2572;2004;6;Slovenia
18.5085;2004;7;Slovenia
18.7409;2004;8;Slovenia
14.6792;2004;9;Slovenia
11.7374;2004;10;Slovenia
5.09317;2004;11;Slovenia
1.42798;2004;12;Slovenia
-0.7209;2005;1;Slovenia
-2.1441;2005;2;Slovenia
3.10096;2005;3;Slovenia
8.49041;2005;4;Slovenia
13.9854;2005;5;Slovenia
17.3512;2005;6;Slovenia
18.8462;2005;7;Slovenia
16.6443;2005;8;Slovenia
15.2881;2005;9;Slovenia
10.4103;2005;10;Slovenia
4.11416;2005;11;Slovenia
-0.639;2005;12;Slovenia
-2.8426;2006;1;Slovenia
-0.3839;2006;2;Slovenia
2.81284;2006;3;Slovenia
9.39757;2006;4;Slovenia
12.9305;2006;5;Slovenia
17.4347;2006;6;Slovenia
21.244;2006;7;Slovenia
16.191;2006;8;Slovenia
16.3767;2006;9;Slovenia
12.434;2006;10;Slovenia
6.75928;2006;11;Slovenia
2.87861;2006;12;Slovenia
3.55518;2007;1;Slovenia
4.47869;2007;2;Slovenia
6.53183;2007;3;Slovenia
12.0119;2007;4;Slovenia
15.127;2007;5;Slovenia
18.7127;2007;6;Slovenia
19.9166;2007;7;Slovenia
18.4933;2007;8;Slovenia
13.2129;2007;9;Slovenia
9.24458;2007;10;Slovenia
3.93715;2007;11;Slovenia
-0.0352;2007;12;Slovenia
1.94144;2008;1;Slovenia
2.99505;2008;2;Slovenia
4.26559;2008;3;Slovenia
8.89425;2008;4;Slovenia
14.6447;2008;5;Slovenia
18.1309;2008;6;Slovenia
19.4002;2008;7;Slovenia
19.4425;2008;8;Slovenia
13.4331;2008;9;Slovenia
11.4868;2008;10;Slovenia
6.07079;2008;11;Slovenia
1.57981;2008;12;Slovenia
-1.0682;2009;1;Slovenia
0.97503;2009;2;Slovenia
4.84027;2009;3;Slovenia
11.4456;2009;4;Slovenia
15.4165;2009;5;Slovenia
16.5984;2009;6;Slovenia
19.6146;2009;7;Slovenia
20.333;2009;8;Slovenia
16.733;2009;9;Slovenia
10.2049;2009;10;Slovenia
6.25143;2009;11;Slovenia
0.87116;2009;12;Slovenia
-1.7254;2010;1;Slovenia
0.60264;2010;2;Slovenia
4.25574;2010;3;Slovenia
9.52938;2010;4;Slovenia
13.271;2010;5;Slovenia
17.5785;2010;6;Slovenia
20.6664;2010;7;Slovenia
18.4716;2010;8;Slovenia
13.7643;2010;9;Slovenia
8.7408;2010;10;Slovenia
6.68566;2010;11;Slovenia
-1.1473;2010;12;Slovenia
-0.1835;2011;1;Slovenia
0.81526;2011;2;Slovenia
5.02345;2011;3;Slovenia
11.0764;2011;4;Slovenia
14.4085;2011;5;Slovenia
17.8685;2011;6;Slovenia
18.7678;2011;7;Slovenia
20.4685;2011;8;Slovenia
18.0742;2011;9;Slovenia
9.46768;2011;10;Slovenia
3.79346;2011;11;Slovenia
2.01365;2011;12;Slovenia
0.33339;2012;1;Slovenia
-2.9893;2012;2;Slovenia
7.63285;2012;3;Slovenia
9.35577;2012;4;Slovenia
13.7688;2012;5;Slovenia
18.9276;2012;6;Slovenia
20.675;2012;7;Slovenia
20.9623;2012;8;Slovenia
15.9863;2012;9;Slovenia
10.7297;2012;10;Slovenia
7.33948;2012;11;Slovenia
0.05283;2012;12;Slovenia
0.42184;2013;1;Slovenia
-0.6031;2013;2;Slovenia
2.88828;2013;3;Slovenia
10.0252;2013;4;Slovenia
12.7641;2013;5;Slovenia
16.9228;2013;6;Slovenia
20.8971;2013;7;Slovenia
20.4202;2013;8;Slovenia
14.6014;2013;9;Slovenia
11.4059;2013;10;Slovenia
5.76819;2013;11;Slovenia
2.06283;2013;12;Slovenia
3.35277;2014;1;Slovenia
3.84982;2014;2;Slovenia
7.80955;2014;3;Slovenia
10.6075;2014;4;Slovenia
12.6588;2014;5;Slovenia
17.397;2014;6;Slovenia
18.5108;2014;7;Slovenia
17.6268;2014;8;Slovenia
14.6218;2014;9;Slovenia
12.1817;2014;10;Slovenia
8.07768;2014;11;Slovenia
2.37548;2014;12;Slovenia
1.69894;2015;1;Slovenia
1.10337;2015;2;Slovenia
5.57542;2015;3;Slovenia
9.30172;2015;4;Slovenia
14.3572;2015;5;Slovenia
18.1029;2015;6;Slovenia
21.7177;2015;7;Slovenia
20.6506;2015;8;Slovenia
15.1368;2015;9;Slovenia
9.9015;2015;10;Slovenia
6.20646;2015;11;Slovenia
1.9129;2015;12;Slovenia
18.5863;1901;1;Niger
21.8448;1901;2;Niger
25.729;1901;3;Niger
30.1135;1901;4;Niger
32.3302;1901;5;Niger
32.7055;1901;6;Niger
31.1676;1901;7;Niger
30.2725;1901;8;Niger
30.2912;1901;9;Niger
28.4131;1901;10;Niger
23.6172;1901;11;Niger
19.7355;1901;12;Niger
18.7135;1902;1;Niger
21.7655;1902;2;Niger
25.8834;1902;3;Niger
30.424;1902;4;Niger
32.6485;1902;5;Niger
32.4093;1902;6;Niger
31.1559;1902;7;Niger
30.318;1902;8;Niger
30.2382;1902;9;Niger
28.107;1902;10;Niger
23.5991;1902;11;Niger
20.0305;1902;12;Niger
19.0271;1903;1;Niger
21.9065;1903;2;Niger
25.9909;1903;3;Niger
30.2402;1903;4;Niger
32.6119;1903;5;Niger
32.6857;1903;6;Niger
31.125;1903;7;Niger
30.26;1903;8;Niger
30.2874;1903;9;Niger
28.4296;1903;10;Niger
23.6215;1903;11;Niger
20.0582;1903;12;Niger
19.014;1904;1;Niger
21.9393;1904;2;Niger
26.0176;1904;3;Niger
30.249;1904;4;Niger
32.5904;1904;5;Niger
32.7247;1904;6;Niger
31.1572;1904;7;Niger
30.2828;1904;8;Niger
30.2945;1904;9;Niger
28.4088;1904;10;Niger
23.5966;1904;11;Niger
20.0358;1904;12;Niger
18.5073;1905;1;Niger
20.7939;1905;2;Niger
25.4308;1905;3;Niger
30.1763;1905;4;Niger
32.6329;1905;5;Niger
32.4578;1905;6;Niger
31.1755;1905;7;Niger
30.042;1905;8;Niger
30.2628;1905;9;Niger
28.3282;1905;10;Niger
24.0837;1905;11;Niger
20.4621;1905;12;Niger
18.5712;1906;1;Niger
21.8511;1906;2;Niger
26.0616;1906;3;Niger
31.1187;1906;4;Niger
32.7347;1906;5;Niger
33.0229;1906;6;Niger
31.0605;1906;7;Niger
30.1382;1906;8;Niger
30.8141;1906;9;Niger
28.6777;1906;10;Niger
23.8726;1906;11;Niger
20.5388;1906;12;Niger
18.9955;1907;1;Niger
21.1823;1907;2;Niger
25.6863;1907;3;Niger
29.9819;1907;4;Niger
32.9212;1907;5;Niger
32.6437;1907;6;Niger
31.3592;1907;7;Niger
30.1729;1907;8;Niger
30.4079;1907;9;Niger
29.0758;1907;10;Niger
23.7395;1907;11;Niger
19.6107;1907;12;Niger
18.9041;1908;1;Niger
21.5307;1908;2;Niger
25.7177;1908;3;Niger
30.3847;1908;4;Niger
33.0601;1908;5;Niger
33.0522;1908;6;Niger
31.4105;1908;7;Niger
30.0623;1908;8;Niger
30.3622;1908;9;Niger
28.2929;1908;10;Niger
23.3153;1908;11;Niger
19.7706;1908;12;Niger
18.9217;1909;1;Niger
22.2446;1909;2;Niger
26.8908;1909;3;Niger
30.2041;1909;4;Niger
32.432;1909;5;Niger
32.0494;1909;6;Niger
30.6127;1909;7;Niger
29.5146;1909;8;Niger
30.307;1909;9;Niger
27.9123;1909;10;Niger
23.7721;1909;11;Niger
20.1088;1909;12;Niger
18.4905;1910;1;Niger
22.0198;1910;2;Niger
25.8181;1910;3;Niger
30.0885;1910;4;Niger
32.7199;1910;5;Niger
33.2838;1910;6;Niger
31.4528;1910;7;Niger
30.3626;1910;8;Niger
30.4652;1910;9;Niger
28.3224;1910;10;Niger
23.6132;1910;11;Niger
20.0573;1910;12;Niger
18.7805;1911;1;Niger
21.7026;1911;2;Niger
25.8376;1911;3;Niger
30.1859;1911;4;Niger
32.4186;1911;5;Niger
32.4911;1911;6;Niger
31.1814;1911;7;Niger
30.2077;1911;8;Niger
30.2245;1911;9;Niger
28.2774;1911;10;Niger
23.7853;1911;11;Niger
19.7138;1911;12;Niger
19.0701;1912;1;Niger
21.8779;1912;2;Niger
25.8478;1912;3;Niger
30.5535;1912;4;Niger
32.6741;1912;5;Niger
32.7527;1912;6;Niger
31.4965;1912;7;Niger
30.4619;1912;8;Niger
30.5662;1912;9;Niger
28.3381;1912;10;Niger
23.2303;1912;11;Niger
19.973;1912;12;Niger
19.1671;1913;1;Niger
21.8974;1913;2;Niger
25.2088;1913;3;Niger
30.0567;1913;4;Niger
32.8817;1913;5;Niger
33.3583;1913;6;Niger
31.8838;1913;7;Niger
30.9984;1913;8;Niger
31.1549;1913;9;Niger
28.318;1913;10;Niger
23.2453;1913;11;Niger
19.8096;1913;12;Niger
19.9071;1914;1;Niger
21.7217;1914;2;Niger
25.6386;1914;3;Niger
30.0932;1914;4;Niger
33.1636;1914;5;Niger
33.3515;1914;6;Niger
31.7831;1914;7;Niger
30.282;1914;8;Niger
30.5172;1914;9;Niger
28.6127;1914;10;Niger
24.2854;1914;11;Niger
19.9885;1914;12;Niger
18.6226;1915;1;Niger
21.5887;1915;2;Niger
26.1454;1915;3;Niger
29.9947;1915;4;Niger
32.5593;1915;5;Niger
32.4361;1915;6;Niger
31.162;1915;7;Niger
30.2596;1915;8;Niger
30.1545;1915;9;Niger
28.1846;1915;10;Niger
23.4243;1915;11;Niger
19.7946;1915;12;Niger
18.5674;1916;1;Niger
21.4095;1916;2;Niger
25.8971;1916;3;Niger
29.9353;1916;4;Niger
32.3949;1916;5;Niger
32.5281;1916;6;Niger
31.215;1916;7;Niger
30.0606;1916;8;Niger
29.9575;1916;9;Niger
28.0563;1916;10;Niger
23.1201;1916;11;Niger
20.0288;1916;12;Niger
19.0187;1917;1;Niger
21.922;1917;2;Niger
25.5907;1917;3;Niger
29.9607;1917;4;Niger
32.2985;1917;5;Niger
32.5029;1917;6;Niger
31.1767;1917;7;Niger
30.3116;1917;8;Niger
30.0014;1917;9;Niger
28.0909;1917;10;Niger
22.9837;1917;11;Niger
19.9088;1917;12;Niger
18.7932;1918;1;Niger
21.2458;1918;2;Niger
25.3781;1918;3;Niger
30.0038;1918;4;Niger
32.3778;1918;5;Niger
32.752;1918;6;Niger
31.1753;1918;7;Niger
29.9558;1918;8;Niger
29.9593;1918;9;Niger
28.2525;1918;10;Niger
23.3828;1918;11;Niger
20.0268;1918;12;Niger
19.0183;1919;1;Niger
21.9223;1919;2;Niger
26.0497;1919;3;Niger
30.2557;1919;4;Niger
32.5889;1919;5;Niger
32.7055;1919;6;Niger
31.1858;1919;7;Niger
30.277;1919;8;Niger
30.2968;1919;9;Niger
28.4579;1919;10;Niger
23.6574;1919;11;Niger
20.0271;1919;12;Niger
19.0339;1920;1;Niger
21.9133;1920;2;Niger
26.0021;1920;3;Niger
30.2399;1920;4;Niger
32.6064;1920;5;Niger
32.7193;1920;6;Niger
31.171;1920;7;Niger
30.2976;1920;8;Niger
30.2753;1920;9;Niger
28.4394;1920;10;Niger
23.6168;1920;11;Niger
20.0451;1920;12;Niger
19.0215;1921;1;Niger
21.9224;1921;2;Niger
25.9866;1921;3;Niger
30.2012;1921;4;Niger
32.6064;1921;5;Niger
32.6771;1921;6;Niger
31.1572;1921;7;Niger
30.2791;1921;8;Niger
30.2775;1921;9;Niger
28.4069;1921;10;Niger
23.6081;1921;11;Niger
20.0177;1921;12;Niger
19.0184;1922;1;Niger
21.9224;1922;2;Niger
26.0025;1922;3;Niger
30.2416;1922;4;Niger
32.6454;1922;5;Niger
32.7534;1922;6;Niger
31.1767;1922;7;Niger
29.978;1922;8;Niger
29.8953;1922;9;Niger
28.1598;1922;10;Niger
23.3964;1922;11;Niger
19.8606;1922;12;Niger
20.0183;1923;1;Niger
21.5591;1923;2;Niger
27.0145;1923;3;Niger
30.4461;1923;4;Niger
32.8091;1923;5;Niger
32.5585;1923;6;Niger
30.6793;1923;7;Niger
29.2294;1923;8;Niger
29.9807;1923;9;Niger
28.9397;1923;10;Niger
24.4925;1923;11;Niger
20.8082;1923;12;Niger
19.6986;1924;1;Niger
24.122;1924;2;Niger
27.9863;1924;3;Niger
31.095;1924;4;Niger
33.5191;1924;5;Niger
32.78;1924;6;Niger
30.0917;1924;7;Niger
29.0945;1924;8;Niger
29.2032;1924;9;Niger
28.4022;1924;10;Niger
23.4227;1924;11;Niger
19.4059;1924;12;Niger
16.0059;1925;1;Niger
20.241;1925;2;Niger
26.5294;1925;3;Niger
30.3261;1925;4;Niger
32.1322;1925;5;Niger
31.8126;1925;6;Niger
30.886;1925;7;Niger
29.4627;1925;8;Niger
30.0668;1925;9;Niger
27.5961;1925;10;Niger
24.1892;1925;11;Niger
20.3988;1925;12;Niger
19.7539;1926;1;Niger
21.834;1926;2;Niger
25.3034;1926;3;Niger
29.1252;1926;4;Niger
32.8954;1926;5;Niger
32.9876;1926;6;Niger
32.5493;1926;7;Niger
30.6444;1926;8;Niger
30.8172;1926;9;Niger
28.6267;1926;10;Niger
24.77;1926;11;Niger
20.7745;1926;12;Niger
18.8624;1927;1;Niger
22.0621;1927;2;Niger
27.0442;1927;3;Niger
30.0175;1927;4;Niger
33.562;1927;5;Niger
32.8974;1927;6;Niger
31.3502;1927;7;Niger
29.2842;1927;8;Niger
30.6629;1927;9;Niger
29.5483;1927;10;Niger
24.7924;1927;11;Niger
21.6881;1927;12;Niger
19.8293;1928;1;Niger
21.6989;1928;2;Niger
26.9211;1928;3;Niger
30.1879;1928;4;Niger
33.0896;1928;5;Niger
32.2075;1928;6;Niger
32.1553;1928;7;Niger
28.9007;1928;8;Niger
30.773;1928;9;Niger
29.1463;1928;10;Niger
24.5185;1928;11;Niger
19.7975;1928;12;Niger
18.2288;1929;1;Niger
22.2726;1929;2;Niger
26.6729;1929;3;Niger
30.0424;1929;4;Niger
33.6734;1929;5;Niger
32.4574;1929;6;Niger
29.6758;1929;7;Niger
29.319;1929;8;Niger
30.829;1929;9;Niger
29.3105;1929;10;Niger
25.5508;1929;11;Niger
18.9261;1929;12;Niger
19.264;1930;1;Niger
24.08;1930;2;Niger
27.0524;1930;3;Niger
32.0358;1930;4;Niger
33.4142;1930;5;Niger
33.2859;1930;6;Niger
30.924;1930;7;Niger
30.155;1930;8;Niger
31.1988;1930;9;Niger
29.1626;1930;10;Niger
25.4478;1930;11;Niger
23.1387;1930;12;Niger
20.7993;1931;1;Niger
23.2629;1931;2;Niger
27.7651;1931;3;Niger
32.3109;1931;4;Niger
33.8876;1931;5;Niger
32.8584;1931;6;Niger
31.8187;1931;7;Niger
30.7634;1931;8;Niger
30.169;1931;9;Niger
29.5389;1931;10;Niger
25.7264;1931;11;Niger
22.1297;1931;12;Niger
18.7641;1932;1;Niger
22.2883;1932;2;Niger
27.3632;1932;3;Niger
30.5979;1932;4;Niger
32.8034;1932;5;Niger
32.9898;1932;6;Niger
30.8581;1932;7;Niger
29.6958;1932;8;Niger
30.3906;1932;9;Niger
27.0583;1932;10;Niger
24.805;1932;11;Niger
20.6118;1932;12;Niger
19.6056;1933;1;Niger
22.068;1933;2;Niger
25.5839;1933;3;Niger
30.5589;1933;4;Niger
31.49;1933;5;Niger
31.8895;1933;6;Niger
31.359;1933;7;Niger
30.1514;1933;8;Niger
30.5129;1933;9;Niger
27.4017;1933;10;Niger
25.5291;1933;11;Niger
21.2396;1933;12;Niger
18.075;1934;1;Niger
20.8089;1934;2;Niger
26.4688;1934;3;Niger
31.1319;1934;4;Niger
32.8246;1934;5;Niger
32.8215;1934;6;Niger
31.365;1934;7;Niger
29.5333;1934;8;Niger
30.9901;1934;9;Niger
30.3283;1934;10;Niger
25.8527;1934;11;Niger
20.8571;1934;12;Niger
19.6287;1935;1;Niger
22.393;1935;2;Niger
27.1488;1935;3;Niger
30.1402;1935;4;Niger
33.3767;1935;5;Niger
32.731;1935;6;Niger
31.6713;1935;7;Niger
30.048;1935;8;Niger
30.393;1935;9;Niger
29.0008;1935;10;Niger
25.8976;1935;11;Niger
21.4379;1935;12;Niger
19.055;1936;1;Niger
23.6377;1936;2;Niger
28.5339;1936;3;Niger
31.2706;1936;4;Niger
33.8863;1936;5;Niger
33.0147;1936;6;Niger
29.8198;1936;7;Niger
28.0812;1936;8;Niger
29.2176;1936;9;Niger
28.2361;1936;10;Niger
25.2317;1936;11;Niger
20.5989;1936;12;Niger
18.9693;1937;1;Niger
22.3521;1937;2;Niger
27.0702;1937;3;Niger
30.6424;1937;4;Niger
32.9634;1937;5;Niger
33.4997;1937;6;Niger
31.2585;1937;7;Niger
30.375;1937;8;Niger
30.6098;1937;9;Niger
30.0281;1937;10;Niger
25.2361;1937;11;Niger
21.3112;1937;12;Niger
19.9428;1938;1;Niger
22.6974;1938;2;Niger
26.0974;1938;3;Niger
31.5906;1938;4;Niger
34.3532;1938;5;Niger
34.3996;1938;6;Niger
31.8624;1938;7;Niger
30.143;1938;8;Niger
30.7696;1938;9;Niger
29.5576;1938;10;Niger
26.2688;1938;11;Niger
22.5531;1938;12;Niger
20.5422;1939;1;Niger
23.2664;1939;2;Niger
27.4258;1939;3;Niger
29.4538;1939;4;Niger
32.5145;1939;5;Niger
32.8992;1939;6;Niger
31.5229;1939;7;Niger
30.4904;1939;8;Niger
30.1928;1939;9;Niger
29.4829;1939;10;Niger
24.6798;1939;11;Niger
22.008;1939;12;Niger
19.0184;1940;1;Niger
21.9224;1940;2;Niger
26.0022;1940;3;Niger
30.2402;1940;4;Niger
32.6451;1940;5;Niger
32.7514;1940;6;Niger
31.1749;1940;7;Niger
30.3108;1940;8;Niger
30.2912;1940;9;Niger
28.41;1940;10;Niger
23.6084;1940;11;Niger
20.0251;1940;12;Niger
21.6096;1941;1;Niger
22.6492;1941;2;Niger
27.871;1941;3;Niger
31.9661;1941;4;Niger
33.468;1941;5;Niger
32.476;1941;6;Niger
31.9542;1941;7;Niger
30.7571;1941;8;Niger
30.8115;1941;9;Niger
28.9856;1941;10;Niger
24.78;1941;11;Niger
21.1904;1941;12;Niger
20.1392;1942;1;Niger
23.4851;1942;2;Niger
26.7725;1942;3;Niger
30.661;1942;4;Niger
32.5671;1942;5;Niger
33.6443;1942;6;Niger
31.6999;1942;7;Niger
29.9077;1942;8;Niger
31.3205;1942;9;Niger
28.5922;1942;10;Niger
24.7656;1942;11;Niger
21.1881;1942;12;Niger
19.6424;1943;1;Niger
21.8975;1943;2;Niger
25.5452;1943;3;Niger
29.0317;1943;4;Niger
31.6464;1943;5;Niger
31.7438;1943;6;Niger
31.2965;1943;7;Niger
29.5156;1943;8;Niger
29.6503;1943;9;Niger
28.9828;1943;10;Niger
25.5513;1943;11;Niger
21.3486;1943;12;Niger
17.7254;1944;1;Niger
21.5004;1944;2;Niger
25.6995;1944;3;Niger
29.0731;1944;4;Niger
32.3377;1944;5;Niger
33.2981;1944;6;Niger
31.8789;1944;7;Niger
29.8588;1944;8;Niger
29.8656;1944;9;Niger
29.1322;1944;10;Niger
24.3081;1944;11;Niger
21.5219;1944;12;Niger
20.4405;1945;1;Niger
20.2027;1945;2;Niger
23.6639;1945;3;Niger
28.5075;1945;4;Niger
30.9397;1945;5;Niger
31.9366;1945;6;Niger
31.7796;1945;7;Niger
29.8831;1945;8;Niger
29.6633;1945;9;Niger
27.7808;1945;10;Niger
24.082;1945;11;Niger
19.0206;1945;12;Niger
20.0672;1946;1;Niger
22.3263;1946;2;Niger
25.8474;1946;3;Niger
29.7018;1946;4;Niger
32.0061;1946;5;Niger
32.0749;1946;6;Niger
30.6411;1946;7;Niger
29.4793;1946;8;Niger
29.3402;1946;9;Niger
27.9844;1946;10;Niger
24.5691;1946;11;Niger
19.4124;1946;12;Niger
18.8231;1947;1;Niger
25.3159;1947;2;Niger
25.5901;1947;3;Niger
28.9586;1947;4;Niger
32.2237;1947;5;Niger
32.5312;1947;6;Niger
31.8824;1947;7;Niger
29.9848;1947;8;Niger
29.9123;1947;9;Niger
28.1219;1947;10;Niger
23.6208;1947;11;Niger
20.8913;1947;12;Niger
18.5049;1948;1;Niger
21.9417;1948;2;Niger
23.2323;1948;3;Niger
29.5869;1948;4;Niger
33.1455;1948;5;Niger
31.7452;1948;6;Niger
31.1704;1948;7;Niger
29.9391;1948;8;Niger
29.8771;1948;9;Niger
27.1474;1948;10;Niger
22.5747;1948;11;Niger
18.8888;1948;12;Niger
18.7315;1949;1;Niger
20.9466;1949;2;Niger
26.43;1949;3;Niger
29.8629;1949;4;Niger
32.4928;1949;5;Niger
32.4574;1949;6;Niger
31.1538;1949;7;Niger
29.5093;1949;8;Niger
29.3833;1949;9;Niger
28.899;1949;10;Niger
25.2532;1949;11;Niger
20.0752;1949;12;Niger
19.3959;1950;1;Niger
20.1694;1950;2;Niger
26.1695;1950;3;Niger
28.0969;1950;4;Niger
31.536;1950;5;Niger
31.9927;1950;6;Niger
30.1841;1950;7;Niger
28.5709;1950;8;Niger
29.0508;1950;9;Niger
27.6922;1950;10;Niger
23.151;1950;11;Niger
19.741;1950;12;Niger
18.9719;1951;1;Niger
22.4621;1951;2;Niger
27.2075;1951;3;Niger
29.0174;1951;4;Niger
33.0845;1951;5;Niger
32.6097;1951;6;Niger
31.6404;1951;7;Niger
30.2876;1951;8;Niger
29.7267;1951;9;Niger
29.1726;1951;10;Niger
23.2028;1951;11;Niger
18.1153;1951;12;Niger
19.634;1952;1;Niger
20.7181;1952;2;Niger
24.9376;1952;3;Niger
29.7911;1952;4;Niger
32.8092;1952;5;Niger
32.2595;1952;6;Niger
31.2933;1952;7;Niger
28.8758;1952;8;Niger
29.0752;1952;9;Niger
28.1682;1952;10;Niger
23.6017;1952;11;Niger
19.3911;1952;12;Niger
19.1859;1953;1;Niger
23.5852;1953;2;Niger
26.5522;1953;3;Niger
28.0337;1953;4;Niger
32.3072;1953;5;Niger
31.4326;1953;6;Niger
30.1901;1953;7;Niger
29.4068;1953;8;Niger
29.3789;1953;9;Niger
27.8361;1953;10;Niger
24.1493;1953;11;Niger
18.3294;1953;12;Niger
18.8572;1954;1;Niger
22.6717;1954;2;Niger
26.5984;1954;3;Niger
30.5566;1954;4;Niger
31.7495;1954;5;Niger
31.8285;1954;6;Niger
30.2272;1954;7;Niger
28.3518;1954;8;Niger
29.0788;1954;9;Niger
27.4349;1954;10;Niger
24.5184;1954;11;Niger
19.7934;1954;12;Niger
20.1634;1955;1;Niger
22.7193;1955;2;Niger
26.0022;1955;3;Niger
29.4375;1955;4;Niger
31.4044;1955;5;Niger
31.6719;1955;6;Niger
30.9044;1955;7;Niger
29.9246;1955;8;Niger
29.4376;1955;9;Niger
28.0215;1955;10;Niger
23.3799;1955;11;Niger
19.245;1955;12;Niger
18.5453;1956;1;Niger
24.6558;1956;2;Niger
26.9265;1956;3;Niger
29.0891;1956;4;Niger
31.712;1956;5;Niger
31.9361;1956;6;Niger
30.5241;1956;7;Niger
28.8599;1956;8;Niger
28.8922;1956;9;Niger
25.9975;1956;10;Niger
24.4142;1956;11;Niger
19.3153;1956;12;Niger
17.9983;1957;1;Niger
20.8798;1957;2;Niger
24.4419;1957;3;Niger
29.0602;1957;4;Niger
31.8159;1957;5;Niger
32.0108;1957;6;Niger
30.5342;1957;7;Niger
30.1234;1957;8;Niger
29.7507;1957;9;Niger
28.6429;1957;10;Niger
25.7283;1957;11;Niger
21.3671;1957;12;Niger
20.2944;1958;1;Niger
21.2734;1958;2;Niger
25.9552;1958;3;Niger
30.7952;1958;4;Niger
31.0975;1958;5;Niger
32.2431;1958;6;Niger
29.8121;1958;7;Niger
28.8682;1958;8;Niger
28.9957;1958;9;Niger
27.1589;1958;10;Niger
25.4288;1958;11;Niger
21.748;1958;12;Niger
19.8933;1959;1;Niger
21.3437;1959;2;Niger
25.8718;1959;3;Niger
29.7536;1959;4;Niger
32.9988;1959;5;Niger
32.5865;1959;6;Niger
31.1731;1959;7;Niger
29.0025;1959;8;Niger
28.9077;1959;9;Niger
26.9097;1959;10;Niger
23.8259;1959;11;Niger
19.3203;1959;12;Niger
18.6145;1960;1;Niger
21.8026;1960;2;Niger
25.7025;1960;3;Niger
29.5657;1960;4;Niger
31.2213;1960;5;Niger
32.4037;1960;6;Niger
30.0676;1960;7;Niger
30.3351;1960;8;Niger
29.3926;1960;9;Niger
28.0413;1960;10;Niger
23.3989;1960;11;Niger
22.1208;1960;12;Niger
19.3704;1961;1;Niger
19.1058;1961;2;Niger
23.6063;1961;3;Niger
29.2317;1961;4;Niger
32.2695;1961;5;Niger
33.1744;1961;6;Niger
30.6375;1961;7;Niger
28.7197;1961;8;Niger
28.8858;1961;9;Niger
27.3364;1961;10;Niger
23.4318;1961;11;Niger
17.9412;1961;12;Niger
18.2404;1962;1;Niger
20.9114;1962;2;Niger
26.1603;1962;3;Niger
30.1983;1962;4;Niger
31.9772;1962;5;Niger
31.9066;1962;6;Niger
30.6443;1962;7;Niger
29.2531;1962;8;Niger
29.9663;1962;9;Niger
29.4892;1962;10;Niger
24.7711;1962;11;Niger
20.6543;1962;12;Niger
20.5814;1963;1;Niger
23.6433;1963;2;Niger
25.3184;1963;3;Niger
30.1281;1963;4;Niger
31.9533;1963;5;Niger
32.3672;1963;6;Niger
30.7386;1963;7;Niger
30.6283;1963;8;Niger
31.0909;1963;9;Niger
28.822;1963;10;Niger
22.7405;1963;11;Niger
21.3893;1963;12;Niger
19.8303;1964;1;Niger
21.2088;1964;2;Niger
27.0089;1964;3;Niger
30.9247;1964;4;Niger
31.8093;1964;5;Niger
32.2692;1964;6;Niger
30.9745;1964;7;Niger
30.0411;1964;8;Niger
29.5718;1964;9;Niger
28.382;1964;10;Niger
22.6667;1964;11;Niger
21.3849;1964;12;Niger
20.998;1965;1;Niger
22.8757;1965;2;Niger
24.7852;1965;3;Niger
28.3485;1965;4;Niger
31.8622;1965;5;Niger
31.4863;1965;6;Niger
31.0725;1965;7;Niger
29.0265;1965;8;Niger
29.8053;1965;9;Niger
28.769;1965;10;Niger
22.1725;1965;11;Niger
18.3155;1965;12;Niger
19.4248;1966;1;Niger
20.8022;1966;2;Niger
24.9784;1966;3;Niger
29.8615;1966;4;Niger
31.7392;1966;5;Niger
31.866;1966;6;Niger
31.998;1966;7;Niger
30.3622;1966;8;Niger
29.9574;1966;9;Niger
28.9939;1966;10;Niger
24.1482;1966;11;Niger
19.5854;1966;12;Niger
17.1342;1967;1;Niger
22.1069;1967;2;Niger
24.7822;1967;3;Niger
31.2556;1967;4;Niger
32.1147;1967;5;Niger
31.9902;1967;6;Niger
30.8105;1967;7;Niger
29.2474;1967;8;Niger
29.5121;1967;9;Niger
27.243;1967;10;Niger
23.0548;1967;11;Niger
21.2865;1967;12;Niger
18.2701;1968;1;Niger
22.6073;1968;2;Niger
26.1682;1968;3;Niger
29.4699;1968;4;Niger
31.3236;1968;5;Niger
31.7318;1968;6;Niger
30.6786;1968;7;Niger
31.1879;1968;8;Niger
30.2655;1968;9;Niger
27.7245;1968;10;Niger
23.6522;1968;11;Niger
21.1541;1968;12;Niger
19.1639;1969;1;Niger
23.8142;1969;2;Niger
28.5186;1969;3;Niger
30.891;1969;4;Niger
32.2545;1969;5;Niger
33.2742;1969;6;Niger
30.9684;1969;7;Niger
30.3563;1969;8;Niger
30.933;1969;9;Niger
29.5311;1969;10;Niger
24.3988;1969;11;Niger
22.1234;1969;12;Niger
21.1901;1970;1;Niger
21.8829;1970;2;Niger
25.3522;1970;3;Niger
29.3231;1970;4;Niger
32.4057;1970;5;Niger
32.8793;1970;6;Niger
31.2264;1970;7;Niger
30.0197;1970;8;Niger
29.6326;1970;9;Niger
27.5164;1970;10;Niger
22.6827;1970;11;Niger
19.287;1970;12;Niger
18.1607;1971;1;Niger
22.8607;1971;2;Niger
28.419;1971;3;Niger
29.9346;1971;4;Niger
33.0759;1971;5;Niger
32.8091;1971;6;Niger
30.8703;1971;7;Niger
29.1841;1971;8;Niger
29.7272;1971;9;Niger
27.1819;1971;10;Niger
23.2607;1971;11;Niger
20.2627;1971;12;Niger
19.275;1972;1;Niger
22.7591;1972;2;Niger
26.999;1972;3;Niger
30.1615;1972;4;Niger
32.5047;1972;5;Niger
32.52;1972;6;Niger
32.2954;1972;7;Niger
31.9269;1972;8;Niger
31.4622;1972;9;Niger
29.3504;1972;10;Niger
22.9763;1972;11;Niger
20.7798;1972;12;Niger
19.8995;1973;1;Niger
23.0198;1973;2;Niger
25.724;1973;3;Niger
30.3229;1973;4;Niger
32.3922;1973;5;Niger
33.5494;1973;6;Niger
31.5826;1973;7;Niger
30.2145;1973;8;Niger
30.7134;1973;9;Niger
28.5656;1973;10;Niger
22.7183;1973;11;Niger
21.4506;1973;12;Niger
18.2764;1974;1;Niger
21.614;1974;2;Niger
26.7029;1974;3;Niger
31.2545;1974;4;Niger
32.3969;1974;5;Niger
33.0168;1974;6;Niger
30.1609;1974;7;Niger
29.5711;1974;8;Niger
29.9953;1974;9;Niger
28.6164;1974;10;Niger
22.9163;1974;11;Niger
18.1329;1974;12;Niger
16.5922;1975;1;Niger
21.2802;1975;2;Niger
25.7141;1975;3;Niger
31.1162;1975;4;Niger
32.9649;1975;5;Niger
32.9675;1975;6;Niger
30.249;1975;7;Niger
29.9743;1975;8;Niger
29.9402;1975;9;Niger
27.7266;1975;10;Niger
24.3029;1975;11;Niger
20.7957;1975;12;Niger
18.7505;1976;1;Niger
23.296;1976;2;Niger
24.5514;1976;3;Niger
29.6314;1976;4;Niger
32.7964;1976;5;Niger
32.1343;1976;6;Niger
31.7162;1976;7;Niger
30.5149;1976;8;Niger
30.2185;1976;9;Niger
29.0833;1976;10;Niger
24.4088;1976;11;Niger
20.6525;1976;12;Niger
20.008;1977;1;Niger
21.2033;1977;2;Niger
23.8933;1977;3;Niger
28.6346;1977;4;Niger
32.3736;1977;5;Niger
33.2767;1977;6;Niger
31.4223;1977;7;Niger
29.8431;1977;8;Niger
29.8827;1977;9;Niger
27.8276;1977;10;Niger
22.7881;1977;11;Niger
18.7603;1977;12;Niger
19.1346;1978;1;Niger
22.9778;1978;2;Niger
26.5381;1978;3;Niger
31.2385;1978;4;Niger
33.1532;1978;5;Niger
32.1439;1978;6;Niger
29.8618;1978;7;Niger
30.2519;1978;8;Niger
29.6334;1978;9;Niger
28.9924;1978;10;Niger
23.3563;1978;11;Niger
20.4936;1978;12;Niger
20.4473;1979;1;Niger
22.3297;1979;2;Niger
27.5414;1979;3;Niger
29.3752;1979;4;Niger
32.7256;1979;5;Niger
32.0494;1979;6;Niger
31.0152;1979;7;Niger
30.6271;1979;8;Niger
30.8472;1979;9;Niger
29.6926;1979;10;Niger
25.057;1979;11;Niger
18.9054;1979;12;Niger
20.5311;1980;1;Niger
22.4451;1980;2;Niger
26.2597;1980;3;Niger
30.5099;1980;4;Niger
33.8329;1980;5;Niger
32.5523;1980;6;Niger
30.4733;1980;7;Niger
29.8726;1980;8;Niger
30.2545;1980;9;Niger
29.0535;1980;10;Niger
24.4798;1980;11;Niger
18.4426;1980;12;Niger
16.693;1981;1;Niger
21.6489;1981;2;Niger
26.4382;1981;3;Niger
31.11;1981;4;Niger
33.0326;1981;5;Niger
32.5937;1981;6;Niger
30.988;1981;7;Niger
30.9527;1981;8;Niger
30.7003;1981;9;Niger
29.0417;1981;10;Niger
22.1988;1981;11;Niger
20.3713;1981;12;Niger
19.438;1982;1;Niger
20.975;1982;2;Niger
25.9146;1982;3;Niger
31.3902;1982;4;Niger
32.3675;1982;5;Niger
33.1745;1982;6;Niger
32.2767;1982;7;Niger
29.7526;1982;8;Niger
30.5103;1982;9;Niger
29.2924;1982;10;Niger
22.2106;1982;11;Niger
20.0011;1982;12;Niger
15.82;1983;1;Niger
22.4583;1983;2;Niger
23.7578;1983;3;Niger
29.8725;1983;4;Niger
34.0359;1983;5;Niger
32.938;1983;6;Niger
32.1241;1983;7;Niger
31.0402;1983;8;Niger
30.4671;1983;9;Niger
27.0945;1983;10;Niger
24.2476;1983;11;Niger
20.5889;1983;12;Niger
18.006;1984;1;Niger
21.1585;1984;2;Niger
27.5031;1984;3;Niger
31.0367;1984;4;Niger
34.5356;1984;5;Niger
32.8301;1984;6;Niger
31.7597;1984;7;Niger
32.2927;1984;8;Niger
31.1084;1984;9;Niger
28.9184;1984;10;Niger
24.4158;1984;11;Niger
18.6147;1984;12;Niger
20.8694;1985;1;Niger
20.7043;1985;2;Niger
27.6921;1985;3;Niger
28.0953;1985;4;Niger
33.4623;1985;5;Niger
33.3519;1985;6;Niger
30.7565;1985;7;Niger
30.5546;1985;8;Niger
30.2387;1985;9;Niger
27.7358;1985;10;Niger
24.047;1985;11;Niger
18.9994;1985;12;Niger
18.4906;1986;1;Niger
23.2998;1986;2;Niger
27.2517;1986;3;Niger
32.5742;1986;4;Niger
32.5677;1986;5;Niger
33.3782;1986;6;Niger
30.998;1986;7;Niger
30.6185;1986;8;Niger
29.9517;1986;9;Niger
28.3037;1986;10;Niger
24.2705;1986;11;Niger
17.7424;1986;12;Niger
19.1189;1987;1;Niger
22.8491;1987;2;Niger
26.5479;1987;3;Niger
28.1698;1987;4;Niger
33.4629;1987;5;Niger
33.0356;1987;6;Niger
33.7309;1987;7;Niger
31.6688;1987;8;Niger
31.3287;1987;9;Niger
28.5881;1987;10;Niger
24.1655;1987;11;Niger
20.8886;1987;12;Niger
19.0684;1988;1;Niger
22.0616;1988;2;Niger
26.657;1988;3;Niger
31.7827;1988;4;Niger
33.7816;1988;5;Niger
33.9616;1988;6;Niger
31.1865;1988;7;Niger
30.1299;1988;8;Niger
30.5199;1988;9;Niger
27.3575;1988;10;Niger
23.6445;1988;11;Niger
18.6698;1988;12;Niger
16.6253;1989;1;Niger
18.992;1989;2;Niger
24.895;1989;3;Niger
29.9076;1989;4;Niger
32.3087;1989;5;Niger
33.3791;1989;6;Niger
31.7905;1989;7;Niger
29.6527;1989;8;Niger
31.152;1989;9;Niger
27.9228;1989;10;Niger
23.8085;1989;11;Niger
20.1383;1989;12;Niger
20.6527;1990;1;Niger
20.3751;1990;2;Niger
23.7711;1990;3;Niger
32.0843;1990;4;Niger
33.3277;1990;5;Niger
33.8036;1990;6;Niger
30.9138;1990;7;Niger
31.0182;1990;8;Niger
30.8743;1990;9;Niger
28.7201;1990;10;Niger
24.8241;1990;11;Niger
22.6616;1990;12;Niger
18.8335;1991;1;Niger
24.1828;1991;2;Niger
26.7558;1991;3;Niger
31.2976;1991;4;Niger
32.1639;1991;5;Niger
33.5553;1991;6;Niger
30.5899;1991;7;Niger
29.9915;1991;8;Niger
31.2052;1991;9;Niger
29.3253;1991;10;Niger
23.7999;1991;11;Niger
19.2284;1991;12;Niger
17.886;1992;1;Niger
20.4217;1992;2;Niger
26.3864;1992;3;Niger
30.2799;1992;4;Niger
32.0013;1992;5;Niger
33.5489;1992;6;Niger
30.7136;1992;7;Niger
29.9185;1992;8;Niger
30.0288;1992;9;Niger
28.1419;1992;10;Niger
22.881;1992;11;Niger
19.3328;1992;12;Niger
17.0788;1993;1;Niger
21.5227;1993;2;Niger
26.6266;1993;3;Niger
30.5457;1993;4;Niger
33.119;1993;5;Niger
33.5204;1993;6;Niger
31.063;1993;7;Niger
30.5799;1993;8;Niger
30.6113;1993;9;Niger
28.9552;1993;10;Niger
26.0142;1993;11;Niger
19.6591;1993;12;Niger
19.0592;1994;1;Niger
21.5546;1994;2;Niger
27.6687;1994;3;Niger
30.7896;1994;4;Niger
33.0687;1994;5;Niger
32.9375;1994;6;Niger
30.7044;1994;7;Niger
29.1477;1994;8;Niger
29.221;1994;9;Niger
29.5466;1994;10;Niger
23.1168;1994;11;Niger
18.123;1994;12;Niger
17.1966;1995;1;Niger
20.5488;1995;2;Niger
27.1923;1995;3;Niger
30.6448;1995;4;Niger
32.899;1995;5;Niger
33.9405;1995;6;Niger
32.0582;1995;7;Niger
31.3273;1995;8;Niger
31.3454;1995;9;Niger
29.4412;1995;10;Niger
23.1023;1995;11;Niger
21.8274;1995;12;Niger
21.1814;1996;1;Niger
23.6891;1996;2;Niger
27.3094;1996;3;Niger
29.5425;1996;4;Niger
33.7461;1996;5;Niger
32.5451;1996;6;Niger
31.8554;1996;7;Niger
30.7711;1996;8;Niger
31.4978;1996;9;Niger
28.6569;1996;10;Niger
22.559;1996;11;Niger
20.616;1996;12;Niger
20.3325;1997;1;Niger
19.9142;1997;2;Niger
25.4943;1997;3;Niger
30.1391;1997;4;Niger
32.6052;1997;5;Niger
33.8644;1997;6;Niger
32.4356;1997;7;Niger
31.4962;1997;8;Niger
31.7308;1997;9;Niger
30.2141;1997;10;Niger
25.6917;1997;11;Niger
20.0519;1997;12;Niger
19.2972;1998;1;Niger
23.4548;1998;2;Niger
24.0017;1998;3;Niger
32.6117;1998;4;Niger
34.8106;1998;5;Niger
33.5527;1998;6;Niger
33.6576;1998;7;Niger
30.7469;1998;8;Niger
30.4925;1998;9;Niger
29.8672;1998;10;Niger
24.6216;1998;11;Niger
20.7996;1998;12;Niger
20.1719;1999;1;Niger
22.5512;1999;2;Niger
28.3076;1999;3;Niger
31.2014;1999;4;Niger
32.8787;1999;5;Niger
33.6798;1999;6;Niger
31.3339;1999;7;Niger
29.2459;1999;8;Niger
30.5104;1999;9;Niger
28.8961;1999;10;Niger
24.8678;1999;11;Niger
22.2526;1999;12;Niger
19.1752;2000;1;Niger
19.7731;2000;2;Niger
25.3056;2000;3;Niger
31.5722;2000;4;Niger
33.6074;2000;5;Niger
32.7433;2000;6;Niger
31.7039;2000;7;Niger
31.1798;2000;8;Niger
30.8436;2000;9;Niger
28.7343;2000;10;Niger
24.1653;2000;11;Niger
19.6136;2000;12;Niger
19.0843;2001;1;Niger
21.1321;2001;2;Niger
26.9731;2001;3;Niger
31.2846;2001;4;Niger
32.833;2001;5;Niger
32.6958;2001;6;Niger
31.6193;2001;7;Niger
31.1343;2001;8;Niger
31.3677;2001;9;Niger
28.5361;2001;10;Niger
24.8608;2001;11;Niger
21.4566;2001;12;Niger
18.1262;2002;1;Niger
21.216;2002;2;Niger
26.3781;2002;3;Niger
31.8882;2002;4;Niger
33.5201;2002;5;Niger
32.8251;2002;6;Niger
32.6703;2002;7;Niger
31.7379;2002;8;Niger
31.427;2002;9;Niger
28.5717;2002;10;Niger
24.2379;2002;11;Niger
21.0746;2002;12;Niger
20.249;2003;1;Niger
23.052;2003;2;Niger
25.3684;2003;3;Niger
31.2038;2003;4;Niger
32.3756;2003;5;Niger
32.5237;2003;6;Niger
32.1207;2003;7;Niger
30.708;2003;8;Niger
30.7065;2003;9;Niger
30.1657;2003;10;Niger
25.5618;2003;11;Niger
20.0503;2003;12;Niger
20.1598;2004;1;Niger
22.3108;2004;2;Niger
25.5664;2004;3;Niger
32.2113;2004;4;Niger
33.3707;2004;5;Niger
33.1146;2004;6;Niger
31.4023;2004;7;Niger
31.1687;2004;8;Niger
30.7511;2004;9;Niger
29.4424;2004;10;Niger
25.249;2004;11;Niger
21.7034;2004;12;Niger
18.7121;2005;1;Niger
22.6346;2005;2;Niger
28.5867;2005;3;Niger
31.4823;2005;4;Niger
33.0625;2005;5;Niger
32.5944;2005;6;Niger
32.0618;2005;7;Niger
31.1415;2005;8;Niger
31.0814;2005;9;Niger
29.5065;2005;10;Niger
24.249;2005;11;Niger
21.4258;2005;12;Niger
20.1297;2006;1;Niger
24.8581;2006;2;Niger
27.2016;2006;3;Niger
30.0826;2006;4;Niger
33.3868;2006;5;Niger
33.7202;2006;6;Niger
32.5259;2006;7;Niger
31.9656;2006;8;Niger
30.7153;2006;9;Niger
29.1256;2006;10;Niger
22.7506;2006;11;Niger
19.04;2006;12;Niger
18.4068;2007;1;Niger
23.3062;2007;2;Niger
26.5978;2007;3;Niger
32.3304;2007;4;Niger
33.7793;2007;5;Niger
33.4962;2007;6;Niger
31.591;2007;7;Niger
30.9023;2007;8;Niger
30.4625;2007;9;Niger
29.7663;2007;10;Niger
25.1428;2007;11;Niger
20.8409;2007;12;Niger
16.7472;2008;1;Niger
20.782;2008;2;Niger
27.4274;2008;3;Niger
29.8084;2008;4;Niger
33.1975;2008;5;Niger
33.4975;2008;6;Niger
31.5275;2008;7;Niger
30.6773;2008;8;Niger
31.1533;2008;9;Niger
29.2751;2008;10;Niger
24.5914;2008;11;Niger
21.7571;2008;12;Niger
21.0915;2009;1;Niger
24.6678;2009;2;Niger
27.2327;2009;3;Niger
32.3062;2009;4;Niger
33.2488;2009;5;Niger
34.0107;2009;6;Niger
32.4894;2009;7;Niger
31.2969;2009;8;Niger
31.6366;2009;9;Niger
29.7267;2009;10;Niger
24.0248;2009;11;Niger
21.6902;2009;12;Niger
21.4833;2010;1;Niger
22.8676;2010;2;Niger
27.5738;2010;3;Niger
32.5735;2010;4;Niger
34.7344;2010;5;Niger
34.1839;2010;6;Niger
31.591;2010;7;Niger
30.7962;2010;8;Niger
30.961;2010;9;Niger
30.5585;2010;10;Niger
26.3581;2010;11;Niger
20.891;2010;12;Niger
19.7192;2011;1;Niger
25.1392;2011;2;Niger
27.3238;2011;3;Niger
31.0603;2011;4;Niger
33.5428;2011;5;Niger
33.7318;2011;6;Niger
32.3724;2011;7;Niger
30.9237;2011;8;Niger
31.0674;2011;9;Niger
29.7725;2011;10;Niger
23.9593;2011;11;Niger
19.4374;2011;12;Niger
19.2674;2012;1;Niger
24.3782;2012;2;Niger
25.4504;2012;3;Niger
32.7607;2012;4;Niger
33.7399;2012;5;Niger
32.7634;2012;6;Niger
31.1331;2012;7;Niger
30.4657;2012;8;Niger
30.5346;2012;9;Niger
29.3471;2012;10;Niger
25.8676;2012;11;Niger
20.9891;2012;12;Niger
20.1302;2013;1;Niger
21.9081;2013;2;Niger
29.4413;2013;3;Niger
30.7789;2013;4;Niger
34.2269;2013;5;Niger
33.7985;2013;6;Niger
32.0741;2013;7;Niger
29.6827;2013;8;Niger
31.0808;2013;9;Niger
28.3579;2013;10;Niger
24.9159;2013;11;Niger
20.8684;2013;12;Niger
20.7362;2014;1;Niger
22.6353;2014;2;Niger
27.1462;2014;3;Niger
31.9681;2014;4;Niger
33.2188;2014;5;Niger
34.7933;2014;6;Niger
32.7422;2014;7;Niger
30.3704;2014;8;Niger
31.024;2014;9;Niger
29.085;2014;10;Niger
25.5321;2014;11;Niger
20.3531;2014;12;Niger
18.8674;2015;1;Niger
22.5092;2015;2;Niger
27.0512;2015;3;Niger
28.9784;2015;4;Niger
33.6344;2015;5;Niger
34.631;2015;6;Niger
32.4911;2015;7;Niger
30.7863;2015;8;Niger
30.4517;2015;9;Niger
30.6637;2015;10;Niger
24.2789;2015;11;Niger
18.0647;2015;12;Niger
-6.2795;1901;1;Finland
-14.404;1901;2;Finland
-7.409;1901;3;Finland
0.42906;1901;4;Finland
6.07648;1901;5;Finland
14.2411;1901;6;Finland
17.3994;1901;7;Finland
14.1711;1901;8;Finland
9.45429;1901;9;Finland
5.37816;1901;10;Finland
-7.0973;1901;11;Finland
-14.008;1901;12;Finland
-13.865;1902;1;Finland
-11.654;1902;2;Finland
-10.08;1902;3;Finland
-3.5601;1902;4;Finland
4.24097;1902;5;Finland
9.13658;1902;6;Finland
12.0358;1902;7;Finland
11.4808;1902;8;Finland
6.33965;1902;9;Finland
-1.6292;1902;10;Finland
-5.7388;1902;11;Finland
-9.3391;1902;12;Finland
-10.697;1903;1;Finland
-6.9226;1903;2;Finland
-2.4677;1903;3;Finland
0.70419;1903;4;Finland
6.65508;1903;5;Finland
12.2682;1903;6;Finland
12.994;1903;7;Finland
12.4158;1903;8;Finland
8.03969;1903;9;Finland
-2.0116;1903;10;Finland
-3.3947;1903;11;Finland
-6.38;1903;12;Finland
-5.994;1904;1;Finland
-13.7;1904;2;Finland
-7.1892;1904;3;Finland
0.80852;1904;4;Finland
4.8878;1904;5;Finland
10.8544;1904;6;Finland
12.5148;1904;7;Finland
11.807;1904;8;Finland
8.08156;1904;9;Finland
3.3485;1904;10;Finland
-7.749;1904;11;Finland
-12.274;1904;12;Finland
-11.845;1905;1;Finland
-9.2515;1905;2;Finland
-4.844;1905;3;Finland
-1.0882;1905;4;Finland
7.26568;1905;5;Finland
13.4951;1905;6;Finland
14.5451;1905;7;Finland
12.1627;1905;8;Finland
7.34388;1905;9;Finland
0.01913;1905;10;Finland
-4.0354;1905;11;Finland
-6.803;1905;12;Finland
-7.5533;1906;1;Finland
-8.1542;1906;2;Finland
-9.0864;1906;3;Finland
1.51162;1906;4;Finland
8.64316;1906;5;Finland
12.8745;1906;6;Finland
15.9255;1906;7;Finland
11.0642;1906;8;Finland
6.53552;1906;9;Finland
1.6316;1906;10;Finland
-4.3156;1906;11;Finland
-7.7877;1906;12;Finland
-14.656;1907;1;Finland
-8.1405;1907;2;Finland
-3.9447;1907;3;Finland
0.50993;1907;4;Finland
4.04572;1907;5;Finland
12.6835;1907;6;Finland
14.4995;1907;7;Finland
11.2316;1907;8;Finland
6.70009;1907;9;Finland
4.49305;1907;10;Finland
-2.2972;1907;11;Finland
-14.029;1907;12;Finland
-11.241;1908;1;Finland
-10.162;1908;2;Finland
-7.283;1908;3;Finland
0.42358;1908;4;Finland
4.95313;1908;5;Finland
11.0127;1908;6;Finland
14.0669;1908;7;Finland
13.4045;1908;8;Finland
7.10393;1908;9;Finland
2.81175;1908;10;Finland
-7.385;1908;11;Finland
-6.3746;1908;12;Finland
-6.1084;1909;1;Finland
-11.454;1909;2;Finland
-7.6331;1909;3;Finland
-3.1781;1909;4;Finland
3.04631;1909;5;Finland
11.3058;1909;6;Finland
14.8303;1909;7;Finland
12.7822;1909;8;Finland
8.99518;1909;9;Finland
5.31836;1909;10;Finland
-7.4445;1909;11;Finland
-8.0916;1909;12;Finland
-9.4009;1910;1;Finland
-4.5342;1910;2;Finland
-3.6873;1910;3;Finland
1.04141;1910;4;Finland
7.2537;1910;5;Finland
11.6275;1910;6;Finland
13.628;1910;7;Finland
11.3225;1910;8;Finland
8.07221;1910;9;Finland
0.77874;1910;10;Finland
-4.9552;1910;11;Finland
-7.0956;1910;12;Finland
-8.7845;1911;1;Finland
-13.273;1911;2;Finland
-5.0263;1911;3;Finland
-1.0919;1911;4;Finland
7.16716;1911;5;Finland
10.8806;1911;6;Finland
13.7238;1911;7;Finland
14.2905;1911;8;Finland
8.35209;1911;9;Finland
0.22103;1911;10;Finland
-2.309;1911;11;Finland
-5.1217;1911;12;Finland
-14.951;1912;1;Finland
-17.025;1912;2;Finland
-4.813;1912;3;Finland
-2.1502;1912;4;Finland
4.9304;1912;5;Finland
12.6394;1912;6;Finland
14.7403;1912;7;Finland
13.7117;1912;8;Finland
6.57561;1912;9;Finland
-1.2434;1912;10;Finland
-4.3645;1912;11;Finland
-7.4578;1912;12;Finland
-10.973;1913;1;Finland
-9.6502;1913;2;Finland
-5.3927;1913;3;Finland
1.08609;1913;4;Finland
5.58421;1913;5;Finland
11.1021;1913;6;Finland
16.4571;1913;7;Finland
13.7233;1913;8;Finland
8.42215;1913;9;Finland
-0.0647;1913;10;Finland
-2.1502;1913;11;Finland
-10.144;1913;12;Finland
-12.539;1914;1;Finland
-8.1103;1914;2;Finland
-6.7112;1914;3;Finland
0.41939;1914;4;Finland
6.09123;1914;5;Finland
12.9325;1914;6;Finland
17.4466;1914;7;Finland
11.4721;1914;8;Finland
7.72915;1914;9;Finland
0.8011;1914;10;Finland
-3.8799;1914;11;Finland
-5.4316;1914;12;Finland
-12.725;1915;1;Finland
-10.525;1915;2;Finland
-11.257;1915;3;Finland
-0.4674;1915;4;Finland
4.53748;1915;5;Finland
9.55476;1915;6;Finland
16.5521;1915;7;Finland
12.0114;1915;8;Finland
6.48574;1915;9;Finland
0.26742;1915;10;Finland
-7.8651;1915;11;Finland
-18.593;1915;12;Finland
-9.2603;1916;1;Finland
-8.0353;1916;2;Finland
-8.6148;1916;3;Finland
-0.2788;1916;4;Finland
3.84465;1916;5;Finland
11.2813;1916;6;Finland
16.999;1916;7;Finland
10.8255;1916;8;Finland
6.13861;1916;9;Finland
-1.3527;1916;10;Finland
-1.2454;1916;11;Finland
-8.3114;1916;12;Finland
-13.638;1917;1;Finland
-16.095;1917;2;Finland
-12.913;1917;3;Finland
-1.8752;1917;4;Finland
3.48122;1917;5;Finland
14.2627;1917;6;Finland
13.8352;1917;7;Finland
15.891;1917;8;Finland
7.79499;1917;9;Finland
3.94327;1917;10;Finland
-3.8793;1917;11;Finland
-9.072;1917;12;Finland
-16.154;1918;1;Finland
-9.9648;1918;2;Finland
-5.1762;1918;3;Finland
1.22393;1918;4;Finland
4.79001;1918;5;Finland
11.0429;1918;6;Finland
15.4098;1918;7;Finland
10.7854;1918;8;Finland
7.44075;1918;9;Finland
4.00545;1918;10;Finland
-0.3854;1918;11;Finland
-7.7677;1918;12;Finland
-8.7953;1919;1;Finland
-14.237;1919;2;Finland
-8.559;1919;3;Finland
-1.2641;1919;4;Finland
7.32117;1919;5;Finland
13.4468;1919;6;Finland
16.6484;1919;7;Finland
12.0051;1919;8;Finland
8.82346;1919;9;Finland
0.90504;1919;10;Finland
-8.2089;1919;11;Finland
-11.432;1919;12;Finland
-12.304;1920;1;Finland
-6.9453;1920;2;Finland
-1.3185;1920;3;Finland
2.09613;1920;4;Finland
9.12229;1920;5;Finland
12.5035;1920;6;Finland
15.8296;1920;7;Finland
13.2109;1920;8;Finland
10.0143;1920;9;Finland
0.45247;1920;10;Finland
-1.681;1920;11;Finland
-6.3803;1920;12;Finland
-12.29;1921;1;Finland
-11.204;1921;2;Finland
-2.8337;1921;3;Finland
4.02442;1921;4;Finland
9.68556;1921;5;Finland
13.0042;1921;6;Finland
12.848;1921;7;Finland
13.4091;1921;8;Finland
7.67869;1921;9;Finland
0.02812;1921;10;Finland
-8.1448;1921;11;Finland
-8.4287;1921;12;Finland
-12.172;1922;1;Finland
-11.358;1922;2;Finland
-7.3695;1922;3;Finland
-0.2917;1922;4;Finland
7.0431;1922;5;Finland
13.2144;1922;6;Finland
14.9905;1922;7;Finland
12.5981;1922;8;Finland
9.15602;1922;9;Finland
0.38114;1922;10;Finland
-4.8179;1922;11;Finland
-9.9608;1922;12;Finland
-6.6849;1923;1;Finland
-14.148;1923;2;Finland
-5.8519;1923;3;Finland
-2.3578;1923;4;Finland
4.70683;1923;5;Finland
8.95175;1923;6;Finland
14.8839;1923;7;Finland
10.9995;1923;8;Finland
8.36884;1923;9;Finland
2.97116;1923;10;Finland
-3.2247;1923;11;Finland
-8.7308;1923;12;Finland
-11.008;1924;1;Finland
-12.573;1924;2;Finland
-7.8979;1924;3;Finland
-1.8435;1924;4;Finland
5.82567;1924;5;Finland
10.1562;1924;6;Finland
16.2671;1924;7;Finland
15.0669;1924;8;Finland
10.0597;1924;9;Finland
4.75664;1924;10;Finland
-3.0081;1924;11;Finland
-4.4475;1924;12;Finland
-3.6334;1925;1;Finland
-6.2617;1925;2;Finland
-8.9987;1925;3;Finland
1.66903;1925;4;Finland
7.0289;1925;5;Finland
11.6473;1925;6;Finland
18.4975;1925;7;Finland
13.3442;1925;8;Finland
8.02043;1925;9;Finland
-0.3935;1925;10;Finland
-8.2114;1925;11;Finland
-11.726;1925;12;Finland
-14.483;1926;1;Finland
-12.637;1926;2;Finland
-5.5222;1926;3;Finland
-1.3594;1926;4;Finland
5.63171;1926;5;Finland
12.1917;1926;6;Finland
14.8465;1926;7;Finland
13.3333;1926;8;Finland
7.6266;1926;9;Finland
-1.1061;1926;10;Finland
-2.4318;1926;11;Finland
-10.938;1926;12;Finland
-12.631;1927;1;Finland
-9.095;1927;2;Finland
-5.5939;1927;3;Finland
-0.8905;1927;4;Finland
4.46544;1927;5;Finland
11.7321;1927;6;Finland
18.2211;1927;7;Finland
14.8305;1927;8;Finland
7.25337;1927;9;Finland
-0.7618;1927;10;Finland
-8.1404;1927;11;Finland
-10.7;1927;12;Finland
-9.6078;1928;1;Finland
-9.7061;1928;2;Finland
-5.3275;1928;3;Finland
0.03236;1928;4;Finland
5.99611;1928;5;Finland
9.59827;1928;6;Finland
12.3813;1928;7;Finland
12.5255;1928;8;Finland
7.57096;1928;9;Finland
0.59116;1928;10;Finland
-4.3655;1928;11;Finland
-7.5795;1928;12;Finland
-12.189;1929;1;Finland
-16.146;1929;2;Finland
-6.3067;1929;3;Finland
-4.4779;1929;4;Finland
7.13976;1929;5;Finland
11.4158;1929;6;Finland
13.2859;1929;7;Finland
12.3354;1929;8;Finland
8.30959;1929;9;Finland
3.26567;1929;10;Finland
-0.5509;1929;11;Finland
-1.9074;1929;12;Finland
-4.6434;1930;1;Finland
-9.2028;1930;2;Finland
-5.9444;1930;3;Finland
0.96967;1930;4;Finland
8.54251;1930;5;Finland
12.9526;1930;6;Finland
16.4233;1930;7;Finland
14.6781;1930;8;Finland
5.79746;1930;9;Finland
2.3927;1930;10;Finland
-3.0158;1930;11;Finland
-8.6731;1930;12;Finland
-12.293;1931;1;Finland
-10.87;1931;2;Finland
-8.1377;1931;3;Finland
-0.2461;1931;4;Finland
7.94344;1931;5;Finland
8.98242;1931;6;Finland
16.3087;1931;7;Finland
13.5251;1931;8;Finland
5.4009;1931;9;Finland
1.54397;1931;10;Finland
-1.5352;1931;11;Finland
-7.2097;1931;12;Finland
-5.6444;1932;1;Finland
-10.621;1932;2;Finland
-7.3811;1932;3;Finland
0.50546;1932;4;Finland
5.84538;1932;5;Finland
10.5633;1932;6;Finland
16.4756;1932;7;Finland
13.9478;1932;8;Finland
8.13291;1932;9;Finland
0.97502;1932;10;Finland
-2.5331;1932;11;Finland
-2.4106;1932;12;Finland
-8.8197;1933;1;Finland
-12.627;1933;2;Finland
-7.3157;1933;3;Finland
-1.0257;1933;4;Finland
5.13071;1933;5;Finland
13.7395;1933;6;Finland
16.2435;1933;7;Finland
12.5189;1933;8;Finland
8.18459;1933;9;Finland
2.37886;1933;10;Finland
-5.2316;1933;11;Finland
-9.2103;1933;12;Finland
-4.7025;1934;1;Finland
-8.9338;1934;2;Finland
-5.386;1934;3;Finland
-0.4067;1934;4;Finland
8.87019;1934;5;Finland
11.6618;1934;6;Finland
16.5913;1934;7;Finland
14.5479;1934;8;Finland
11.5833;1934;9;Finland
3.81688;1934;10;Finland
-1.9137;1934;11;Finland
-5.8802;1934;12;Finland
-9.7998;1935;1;Finland
-9.1271;1935;2;Finland
-5.5937;1935;3;Finland
-0.103;1935;4;Finland
3.90724;1935;5;Finland
12.7525;1935;6;Finland
14.6146;1935;7;Finland
12.54;1935;8;Finland
7.05191;1935;9;Finland
3.18344;1935;10;Finland
-0.8698;1935;11;Finland
-4.7845;1935;12;Finland
-10.58;1936;1;Finland
-15.927;1936;2;Finland
-6.718;1936;3;Finland
-0.1244;1936;4;Finland
8.60942;1936;5;Finland
16.0603;1936;6;Finland
15.8829;1936;7;Finland
14.2266;1936;8;Finland
8.04652;1936;9;Finland
0.07394;1936;10;Finland
-0.8547;1936;11;Finland
-2.4191;1936;12;Finland
-8.4069;1937;1;Finland
-12.23;1937;2;Finland
-6.2211;1937;3;Finland
3.13681;1937;4;Finland
8.83011;1937;5;Finland
14.947;1937;6;Finland
16.8413;1937;7;Finland
16.6693;1937;8;Finland
8.86715;1937;9;Finland
3.98766;1937;10;Finland
-1.7388;1937;11;Finland
-10.475;1937;12;Finland
-9.0111;1938;1;Finland
-4.8662;1938;2;Finland
-3.6624;1938;3;Finland
-0.0189;1938;4;Finland
6.29117;1938;5;Finland
12.1439;1938;6;Finland
17.8339;1938;7;Finland
15.3433;1938;8;Finland
10.8078;1938;9;Finland
4.38832;1938;10;Finland
0.5961;1938;11;Finland
-6.0105;1938;12;Finland
-10.836;1939;1;Finland
-6.1864;1939;2;Finland
-5.3084;1939;3;Finland
-1.3921;1939;4;Finland
5.83937;1939;5;Finland
12.6496;1939;6;Finland
15.619;1939;7;Finland
16.1242;1939;8;Finland
6.50385;1939;9;Finland
0.02676;1939;10;Finland
-1.3413;1939;11;Finland
-9.4482;1939;12;Finland
-16.34;1940;1;Finland
-16.053;1940;2;Finland
-11.55;1940;3;Finland
-1.6187;1940;4;Finland
8.89165;1940;5;Finland
13.275;1940;6;Finland
15.2731;1940;7;Finland
13.4601;1940;8;Finland
8.68346;1940;9;Finland
2.3895;1940;10;Finland
-3.5589;1940;11;Finland
-9.8433;1940;12;Finland
-16.886;1941;1;Finland
-12.517;1941;2;Finland
-9.1932;1941;3;Finland
-3.0055;1941;4;Finland
4.73912;1941;5;Finland
10.705;1941;6;Finland
18.794;1941;7;Finland
13.1695;1941;8;Finland
6.69382;1941;9;Finland
-1.5158;1941;10;Finland
-5.7747;1941;11;Finland
-15.574;1941;12;Finland
-18.794;1942;1;Finland
-14.062;1942;2;Finland
-11.954;1942;3;Finland
-0.4889;1942;4;Finland
5.01687;1942;5;Finland
11.6477;1942;6;Finland
14.7198;1942;7;Finland
13.5022;1942;8;Finland
8.01395;1942;9;Finland
2.37134;1942;10;Finland
-4.4458;1942;11;Finland
-8.2625;1942;12;Finland
-13.512;1943;1;Finland
-5.2852;1943;2;Finland
-2.9878;1943;3;Finland
0.69905;1943;4;Finland
7.46192;1943;5;Finland
13.6254;1943;6;Finland
15.4131;1943;7;Finland
12.9489;1943;8;Finland
8.38365;1943;9;Finland
3.21383;1943;10;Finland
-1.3851;1943;11;Finland
-3.9949;1943;12;Finland
-7.8382;1944;1;Finland
-7.7521;1944;2;Finland
-5.6204;1944;3;Finland
-2.2767;1944;4;Finland
5.16079;1944;5;Finland
10.9814;1944;6;Finland
15.4446;1944;7;Finland
13.6727;1944;8;Finland
8.73703;1944;9;Finland
4.28022;1944;10;Finland
-2.5909;1944;11;Finland
-4.214;1944;12;Finland
-10.999;1945;1;Finland
-8.199;1945;2;Finland
-7.0978;1945;3;Finland
0.58506;1945;4;Finland
5.39883;1945;5;Finland
11.3391;1945;6;Finland
16.7225;1945;7;Finland
15.564;1945;8;Finland
6.98095;1945;9;Finland
-0.7857;1945;10;Finland
-4.3999;1945;11;Finland
-12.679;1945;12;Finland
-8.7146;1946;1;Finland
-13.58;1946;2;Finland
-7.6103;1946;3;Finland
0.21869;1946;4;Finland
6.1794;1946;5;Finland
12.7663;1946;6;Finland
16.3657;1946;7;Finland
13.4776;1946;8;Finland
9.54851;1946;9;Finland
0.28478;1946;10;Finland
-4.4207;1946;11;Finland
-3.6214;1946;12;Finland
-10.332;1947;1;Finland
-17.161;1947;2;Finland
-11.151;1947;3;Finland
0.0026;1947;4;Finland
6.7712;1947;5;Finland
14.58;1947;6;Finland
16.0512;1947;7;Finland
13.9605;1947;8;Finland
9.97559;1947;9;Finland
2.00891;1947;10;Finland
-4.4506;1947;11;Finland
-9.2157;1947;12;Finland
-13.095;1948;1;Finland
-9.9604;1948;2;Finland
-4.8398;1948;3;Finland
1.9031;1948;4;Finland
8.63229;1948;5;Finland
13.1818;1948;6;Finland
15.2166;1948;7;Finland
11.7354;1948;8;Finland
8.74803;1948;9;Finland
2.26988;1948;10;Finland
-2.5098;1948;11;Finland
-4.4597;1948;12;Finland
-6.4256;1949;1;Finland
-5.3624;1949;2;Finland
-6.0155;1949;3;Finland
0.76224;1949;4;Finland
8.28632;1949;5;Finland
11.1994;1949;6;Finland
14.0057;1949;7;Finland
12.4278;1949;8;Finland
10.6036;1949;9;Finland
2.35649;1949;10;Finland
-1.3077;1949;11;Finland
-6.0068;1949;12;Finland
-15.688;1950;1;Finland
-9.7731;1950;2;Finland
-5.1598;1950;3;Finland
2.67292;1950;4;Finland
6.6817;1950;5;Finland
12.9721;1950;6;Finland
14.0055;1950;7;Finland
14.4908;1950;8;Finland
9.06417;1950;9;Finland
3.83518;1950;10;Finland
-3.039;1950;11;Finland
-6.2597;1950;12;Finland
-13.061;1951;1;Finland
-10.444;1951;2;Finland
-8.078;1951;3;Finland
1.5158;1951;4;Finland
3.9052;1951;5;Finland
11.1169;1951;6;Finland
13.382;1951;7;Finland
16.1841;1951;8;Finland
9.48437;1951;9;Finland
4.80846;1951;10;Finland
-5.4774;1951;11;Finland
-5.7426;1951;12;Finland
-7.0137;1952;1;Finland
-7.0261;1952;2;Finland
-10.369;1952;3;Finland
0.98116;1952;4;Finland
5.08288;1952;5;Finland
12.4744;1952;6;Finland
14.7359;1952;7;Finland
11.6157;1952;8;Finland
6.82112;1952;9;Finland
-0.8424;1952;10;Finland
-4.9889;1952;11;Finland
-8.488;1952;12;Finland
-10.227;1953;1;Finland
-14.133;1953;2;Finland
-4.2108;1953;3;Finland
2.2876;1953;4;Finland
6.76556;1953;5;Finland
16.0048;1953;6;Finland
14.7174;1953;7;Finland
13.8514;1953;8;Finland
7.10523;1953;9;Finland
3.93562;1953;10;Finland
-1.8241;1953;11;Finland
-3.6011;1953;12;Finland
-10.017;1954;1;Finland
-14.179;1954;2;Finland
-3.9775;1954;3;Finland
-0.3332;1954;4;Finland
8.78829;1954;5;Finland
11.6934;1954;6;Finland
16.2784;1954;7;Finland
13.3679;1954;8;Finland
9.02758;1954;9;Finland
1.75583;1954;10;Finland
-4.115;1954;11;Finland
-2.9855;1954;12;Finland
-10.703;1955;1;Finland
-13.907;1955;2;Finland
-9.0227;1955;3;Finland
-3.3675;1955;4;Finland
3.97625;1955;5;Finland
10.0856;1955;6;Finland
15.4295;1955;7;Finland
15.3305;1955;8;Finland
10.1574;1955;9;Finland
1.90517;1955;10;Finland
-7.1305;1955;11;Finland
-17.147;1955;12;Finland
-12.692;1956;1;Finland
-16.462;1956;2;Finland
-6.5417;1956;3;Finland
-3.2061;1956;4;Finland
6.99486;1956;5;Finland
13.7929;1956;6;Finland
13.9573;1956;7;Finland
11.2056;1956;8;Finland
6.54521;1956;9;Finland
0.84078;1956;10;Finland
-9.1349;1956;11;Finland
-7.2166;1956;12;Finland
-6.9577;1957;1;Finland
-7.4001;1957;2;Finland
-9.3839;1957;3;Finland
-0.219;1957;4;Finland
6.13236;1957;5;Finland
10.3574;1957;6;Finland
16.928;1957;7;Finland
13.7582;1957;8;Finland
7.63045;1957;9;Finland
2.63676;1957;10;Finland
-2.7777;1957;11;Finland
-7.718;1957;12;Finland
-13.745;1958;1;Finland
-12.317;1958;2;Finland
-9.4805;1958;3;Finland
-1.7099;1958;4;Finland
5.00758;1958;5;Finland
11.8488;1958;6;Finland
13.5433;1958;7;Finland
13.669;1958;8;Finland
7.98981;1958;9;Finland
3.07264;1958;10;Finland
0.02859;1958;11;Finland
-12.25;1958;12;Finland
-10.52;1959;1;Finland
-5.2408;1959;2;Finland
-1.9526;1959;3;Finland
-0.0371;1959;4;Finland
7.22756;1959;5;Finland
13.3174;1959;6;Finland
15.8653;1959;7;Finland
14.5767;1959;8;Finland
6.732;1959;9;Finland
1.69488;1959;10;Finland
-3.1468;1959;11;Finland
-10.261;1959;12;Finland
-13.524;1960;1;Finland
-13.173;1960;2;Finland
-5.6872;1960;3;Finland
0.87256;1960;4;Finland
9.21529;1960;5;Finland
13.9049;1960;6;Finland
17.6764;1960;7;Finland
14.091;1960;8;Finland
8.34311;1960;9;Finland
-1.2977;1960;10;Finland
-5.0617;1960;11;Finland
-6.194;1960;12;Finland
-8.0749;1961;1;Finland
-5.7023;1961;2;Finland
-3.6461;1961;3;Finland
-1.5642;1961;4;Finland
6.38735;1961;5;Finland
14.9676;1961;6;Finland
15.7516;1961;7;Finland
12.9869;1961;8;Finland
7.87945;1961;9;Finland
6.60088;1961;10;Finland
-1.0967;1961;11;Finland
-10.417;1961;12;Finland
-9.7552;1962;1;Finland
-9.0412;1962;2;Finland
-12.141;1962;3;Finland
1.70795;1962;4;Finland
6.44357;1962;5;Finland
10.4166;1962;6;Finland
12.9116;1962;7;Finland
11.0895;1962;8;Finland
7.601;1962;9;Finland
3.3627;1962;10;Finland
-1.2992;1962;11;Finland
-11.643;1962;12;Finland
-13.661;1963;1;Finland
-13.957;1963;2;Finland
-11.939;1963;3;Finland
0.52824;1963;4;Finland
10.9605;1963;5;Finland
11.4756;1963;6;Finland
14.5152;1963;7;Finland
14.0154;1963;8;Finland
10.5307;1963;9;Finland
3.2573;1963;10;Finland
-3.576;1963;11;Finland
-8.696;1963;12;Finland
-6.0574;1964;1;Finland
-12.578;1964;2;Finland
-7.6715;1964;3;Finland
-0.4375;1964;4;Finland
7.15981;1964;5;Finland
11.7172;1964;6;Finland
15.0527;1964;7;Finland
12.7416;1964;8;Finland
7.47358;1964;9;Finland
4.72778;1964;10;Finland
-4.5524;1964;11;Finland
-7.0907;1964;12;Finland
-8.8189;1965;1;Finland
-11.109;1965;2;Finland
-7.3456;1965;3;Finland
0.44058;1965;4;Finland
4.20399;1965;5;Finland
12.5671;1965;6;Finland
13.0204;1965;7;Finland
12.2106;1965;8;Finland
9.71255;1965;9;Finland
2.35496;1965;10;Finland
-8.0974;1965;11;Finland
-9.9123;1965;12;Finland
-18.319;1966;1;Finland
-19.745;1966;2;Finland
-10.014;1966;3;Finland
-2.4006;1966;4;Finland
6.6676;1966;5;Finland
14.5149;1966;6;Finland
15.629;1966;7;Finland
12.4246;1966;8;Finland
6.15127;1966;9;Finland
0.93238;1966;10;Finland
-1.2451;1966;11;Finland
-9.035;1966;12;Finland
-15.987;1967;1;Finland
-8.6813;1967;2;Finland
-1.722;1967;3;Finland
1.07005;1967;4;Finland
6.76408;1967;5;Finland
11.882;1967;6;Finland
15.0212;1967;7;Finland
15.1356;1967;8;Finland
9.64955;1967;9;Finland
3.89221;1967;10;Finland
0.56481;1967;11;Finland
-14.969;1967;12;Finland
-18.591;1968;1;Finland
-11.454;1968;2;Finland
-5.0095;1968;3;Finland
0.19082;1968;4;Finland
4.72162;1968;5;Finland
13.6192;1968;6;Finland
13.0823;1968;7;Finland
13.2084;1968;8;Finland
6.75077;1968;9;Finland
-2.2281;1968;10;Finland
-4.8506;1968;11;Finland
-5.4558;1968;12;Finland
-14.449;1969;1;Finland
-14.891;1969;2;Finland
-9.127;1969;3;Finland
-0.4558;1969;4;Finland
5.09714;1969;5;Finland
12.6302;1969;6;Finland
15.0482;1969;7;Finland
14.6469;1969;8;Finland
7.40099;1969;9;Finland
2.77257;1969;10;Finland
-3.6675;1969;11;Finland
-10.405;1969;12;Finland
-12.87;1970;1;Finland
-16.683;1970;2;Finland
-4.3755;1970;3;Finland
-1.7712;1970;4;Finland
6.60287;1970;5;Finland
15.0465;1970;6;Finland
15.8606;1970;7;Finland
13.8507;1970;8;Finland
8.11938;1970;9;Finland
2.02573;1970;10;Finland
-5.6263;1970;11;Finland
-7.1873;1970;12;Finland
-8.0154;1971;1;Finland
-12.199;1971;2;Finland
-9.6537;1971;3;Finland
-1.7003;1971;4;Finland
6.33901;1971;5;Finland
12.1236;1971;6;Finland
14.7337;1971;7;Finland
13.4107;1971;8;Finland
6.96302;1971;9;Finland
1.03796;1971;10;Finland
-7.1386;1971;11;Finland
-7.4013;1971;12;Finland
-11.192;1972;1;Finland
-9.3264;1972;2;Finland
-5.5373;1972;3;Finland
-0.0222;1972;4;Finland
6.32822;1972;5;Finland
15.0228;1972;6;Finland
18.3893;1972;7;Finland
14.8299;1972;8;Finland
7.90279;1972;9;Finland
2.08071;1972;10;Finland
-4.4962;1972;11;Finland
-1.6601;1972;12;Finland
-6.7934;1973;1;Finland
-9.0599;1973;2;Finland
-4.3413;1973;3;Finland
0.42421;1973;4;Finland
7.29406;1973;5;Finland
14.3781;1973;6;Finland
18.371;1973;7;Finland
12.7695;1973;8;Finland
5.00231;1973;9;Finland
-1.1009;1973;10;Finland
-6.8655;1973;11;Finland
-12.47;1973;12;Finland
-8.3295;1974;1;Finland
-4.6297;1974;2;Finland
-3.7971;1974;3;Finland
0.15472;1974;4;Finland
5.17107;1974;5;Finland
13.6059;1974;6;Finland
15.641;1974;7;Finland
13.4816;1974;8;Finland
10.4702;1974;9;Finland
2.62677;1974;10;Finland
-2.8358;1974;11;Finland
-3.2113;1974;12;Finland
-7.5164;1975;1;Finland
-6.8332;1975;2;Finland
-2.1572;1975;3;Finland
0.63677;1975;4;Finland
8.58713;1975;5;Finland
11.404;1975;6;Finland
14.8687;1975;7;Finland
12.7012;1975;8;Finland
10.0337;1975;9;Finland
1.99944;1975;10;Finland
-2.4774;1975;11;Finland
-7.7787;1975;12;Finland
-15.616;1976;1;Finland
-10.557;1976;2;Finland
-8.4034;1976;3;Finland
-0.2087;1976;4;Finland
8.47639;1976;5;Finland
10.7148;1976;6;Finland
13.8909;1976;7;Finland
13.4646;1976;8;Finland
5.59698;1976;9;Finland
-1.4531;1976;10;Finland
-4.5044;1976;11;Finland
-8.479;1976;12;Finland
-10.596;1977;1;Finland
-12.402;1977;2;Finland
-5.5514;1977;3;Finland
-0.8317;1977;4;Finland
6.29331;1977;5;Finland
12.1691;1977;6;Finland
14.3504;1977;7;Finland
12.4393;1977;8;Finland
6.58945;1977;9;Finland
0.958;1977;10;Finland
-2.296;1977;11;Finland
-8.8748;1977;12;Finland
-11.383;1978;1;Finland
-15.291;1978;2;Finland
-5.6516;1978;3;Finland
-1.381;1978;4;Finland
7.60717;1978;5;Finland
12.4622;1978;6;Finland
14.2121;1978;7;Finland
11.8581;1978;8;Finland
6.95015;1978;9;Finland
1.09269;1978;10;Finland
-3.2528;1978;11;Finland
-17.096;1978;12;Finland
-14.001;1979;1;Finland
-13.063;1979;2;Finland
-4.4017;1979;3;Finland
-1.4797;1979;4;Finland
8.08836;1979;5;Finland
13.4038;1979;6;Finland
14.9454;1979;7;Finland
14.2249;1979;8;Finland
8.05444;1979;9;Finland
0.17672;1979;10;Finland
-2.6017;1979;11;Finland
-7.4496;1979;12;Finland
-13.201;1980;1;Finland
-13.237;1980;2;Finland
-8.6437;1980;3;Finland
1.54505;1980;4;Finland
5.91153;1980;5;Finland
15.5658;1980;6;Finland
15.4077;1980;7;Finland
12.9095;1980;8;Finland
8.52483;1980;9;Finland
1.61852;1980;10;Finland
-8.1113;1980;11;Finland
-10.071;1980;12;Finland
-9.2573;1981;1;Finland
-11.579;1981;2;Finland
-10.706;1981;3;Finland
-1.0538;1981;4;Finland
8.01448;1981;5;Finland
10.9878;1981;6;Finland
15.6224;1981;7;Finland
12.4392;1981;8;Finland
7.76043;1981;9;Finland
3.43356;1981;10;Finland
-3.7427;1981;11;Finland
-12.673;1981;12;Finland
-16.306;1982;1;Finland
-8.9528;1982;2;Finland
-3.4187;1982;3;Finland
0.56534;1982;4;Finland
6.51444;1982;5;Finland
9.17213;1982;6;Finland
15.7455;1982;7;Finland
13.3198;1982;8;Finland
8.05524;1982;9;Finland
1.58292;1982;10;Finland
-0.7321;1982;11;Finland
-5.1929;1982;12;Finland
-7.3534;1983;1;Finland
-11.45;1983;2;Finland
-5.4227;1983;3;Finland
2.58274;1983;4;Finland
8.50423;1983;5;Finland
12.2914;1983;6;Finland
15.9567;1983;7;Finland
12.7485;1983;8;Finland
9.46457;1983;9;Finland
2.64365;1983;10;Finland
-8.0817;1983;11;Finland
-9.5905;1983;12;Finland
-10.539;1984;1;Finland
-7.2469;1984;2;Finland
-7.4654;1984;3;Finland
1.60467;1984;4;Finland
10.8362;1984;5;Finland
12.7906;1984;6;Finland
14.3117;1984;7;Finland
12.68;1984;8;Finland
7.39679;1984;9;Finland
3.06943;1984;10;Finland
-4.1204;1984;11;Finland
-6.4391;1984;12;Finland
-20.474;1985;1;Finland
-20.095;1985;2;Finland
-4.8994;1985;3;Finland
-1.8982;1985;4;Finland
5.46971;1985;5;Finland
12.2726;1985;6;Finland
14.9742;1985;7;Finland
14.2169;1985;8;Finland
8.2014;1985;9;Finland
3.52527;1985;10;Finland
-5.0236;1985;11;Finland
-13.753;1985;12;Finland
-14.709;1986;1;Finland
-13.995;1986;2;Finland
-2.5944;1986;3;Finland
-0.3393;1986;4;Finland
7.70148;1986;5;Finland
15.2479;1986;6;Finland
15.2979;1986;7;Finland
11.2932;1986;8;Finland
5.15247;1986;9;Finland
3.36478;1986;10;Finland
-0.1789;1986;11;Finland
-14.194;1986;12;Finland
-20.309;1987;1;Finland
-12.099;1987;2;Finland
-8.5505;1987;3;Finland
-0.4649;1987;4;Finland
6.25085;1987;5;Finland
11.8223;1987;6;Finland
13.632;1987;7;Finland
10.6848;1987;8;Finland
7.35001;1987;9;Finland
5.54329;1987;10;Finland
-5.6865;1987;11;Finland
-11.388;1987;12;Finland
-9.0508;1988;1;Finland
-9.4811;1988;2;Finland
-5.7902;1988;3;Finland
-1.4488;1988;4;Finland
7.94387;1988;5;Finland
14.6566;1988;6;Finland
18.0925;1988;7;Finland
13.1016;1988;8;Finland
9.28382;1988;9;Finland
2.27533;1988;10;Finland
-7.7962;1988;11;Finland
-11.467;1988;12;Finland
-5.6593;1989;1;Finland
-4.88;1989;2;Finland
-1.1619;1989;3;Finland
2.93833;1989;4;Finland
8.6907;1989;5;Finland
14.6809;1989;6;Finland
15.4177;1989;7;Finland
13.3904;1989;8;Finland
9.22915;1989;9;Finland
1.87001;1989;10;Finland
-2.5416;1989;11;Finland
-9.5404;1989;12;Finland
-11.616;1990;1;Finland
-1.541;1990;2;Finland
-2.9657;1990;3;Finland
2.7292;1990;4;Finland
6.86768;1990;5;Finland
12.3931;1990;6;Finland
14.7381;1990;7;Finland
13.9802;1990;8;Finland
6.91851;1990;9;Finland
2.45637;1990;10;Finland
-6.2242;1990;11;Finland
-4.3086;1990;12;Finland
-8.9233;1991;1;Finland
-12.204;1991;2;Finland
-5.8872;1991;3;Finland
1.02869;1991;4;Finland
5.11529;1991;5;Finland
11.4885;1991;6;Finland
15.3284;1991;7;Finland
14.4469;1991;8;Finland
6.84703;1991;9;Finland
3.1363;1991;10;Finland
-0.762;1991;11;Finland
-5.4104;1991;12;Finland
-6.3853;1992;1;Finland
-5.5002;1992;2;Finland
-2.0755;1992;3;Finland
-2.107;1992;4;Finland
8.68396;1992;5;Finland
14.1224;1992;6;Finland
13.7122;1992;7;Finland
11.8881;1992;8;Finland
10.0292;1992;9;Finland
-3.357;1992;10;Finland
-6.6328;1992;11;Finland
-2.744;1992;12;Finland
-6.7874;1993;1;Finland
-6.9593;1993;2;Finland
-4.1963;1993;3;Finland
-0.2348;1993;4;Finland
8.83634;1993;5;Finland
9.71886;1993;6;Finland
14.8856;1993;7;Finland
12.2844;1993;8;Finland
4.41514;1993;9;Finland
-0.3142;1993;10;Finland
-5.4606;1993;11;Finland
-8.1337;1993;12;Finland
-11.686;1994;1;Finland
-15.042;1994;2;Finland
-5.6647;1994;3;Finland
2.64055;1994;4;Finland
5.42997;1994;5;Finland
11.7812;1994;6;Finland
16.6164;1994;7;Finland
13.7221;1994;8;Finland
7.92195;1994;9;Finland
1.73096;1994;10;Finland
-4.6867;1994;11;Finland
-4.0477;1994;12;Finland
-7.1193;1995;1;Finland
-5.3233;1995;2;Finland
-2.346;1995;3;Finland
0.14403;1995;4;Finland
6.12882;1995;5;Finland
14.6854;1995;6;Finland
13.7413;1995;7;Finland
13.3252;1995;8;Finland
8.11624;1995;9;Finland
3.7392;1995;10;Finland
-7.1903;1995;11;Finland
-12.589;1995;12;Finland
-8.0244;1996;1;Finland
-13.555;1996;2;Finland
-5.5147;1996;3;Finland
-0.2496;1996;4;Finland
5.15845;1996;5;Finland
11.6522;1996;6;Finland
13.4012;1996;7;Finland
15.6175;1996;8;Finland
6.97917;1996;9;Finland
3.78729;1996;10;Finland
-1.5655;1996;11;Finland
-9.9508;1996;12;Finland
-9.9179;1997;1;Finland
-8.692;1997;2;Finland
-4.3702;1997;3;Finland
-2.2271;1997;4;Finland
5.23022;1997;5;Finland
13.9112;1997;6;Finland
17.019;1997;7;Finland
15.569;1997;8;Finland
8.93944;1997;9;Finland
0.45928;1997;10;Finland
-4.4636;1997;11;Finland
-7.5417;1997;12;Finland
-7.8654;1998;1;Finland
-13.33;1998;2;Finland
-8.2281;1998;3;Finland
-1.4047;1998;4;Finland
6.38757;1998;5;Finland
11.8585;1998;6;Finland
15.4439;1998;7;Finland
12.0705;1998;8;Finland
8.48878;1998;9;Finland
2.80633;1998;10;Finland
-6.7298;1998;11;Finland
-8.0155;1998;12;Finland
-13.093;1999;1;Finland
-11.448;1999;2;Finland
-4.6227;1999;3;Finland
2.36039;1999;4;Finland
4.86701;1999;5;Finland
15.7451;1999;6;Finland
15.8813;1999;7;Finland
12.0436;1999;8;Finland
9.94473;1999;9;Finland
3.90401;1999;10;Finland
-1.4713;1999;11;Finland
-9.0227;1999;12;Finland
-8.2299;2000;1;Finland
-7.4407;2000;2;Finland
-4.4955;2000;3;Finland
1.87995;2000;4;Finland
7.84306;2000;5;Finland
12.4602;2000;6;Finland
15.7233;2000;7;Finland
13.2113;2000;8;Finland
7.95366;2000;9;Finland
5.93443;2000;10;Finland
-0.0296;2000;11;Finland
-5.4513;2000;12;Finland
-5.6913;2001;1;Finland
-12.286;2001;2;Finland
-8.9481;2001;3;Finland
1.70343;2001;4;Finland
6.10217;2001;5;Finland
13.4615;2001;6;Finland
16.9524;2001;7;Finland
13.5328;2001;8;Finland
9.75049;2001;9;Finland
3.36203;2001;10;Finland
-4.7212;2001;11;Finland
-11.476;2001;12;Finland
-10.016;2002;1;Finland
-6.1111;2002;2;Finland
-4.5502;2002;3;Finland
2.76123;2002;4;Finland
8.87827;2002;5;Finland
14.4581;2002;6;Finland
17.0774;2002;7;Finland
15.5992;2002;8;Finland
7.70151;2002;9;Finland
-1.4881;2002;10;Finland
-7.9842;2002;11;Finland
-13.117;2002;12;Finland
-16.411;2003;1;Finland
-7.6352;2003;2;Finland
-2.8585;2003;3;Finland
-0.2451;2003;4;Finland
8.12298;2003;5;Finland
11.2595;2003;6;Finland
18.8181;2003;7;Finland
13.7828;2003;8;Finland
8.8197;2003;9;Finland
1.64184;2003;10;Finland
-1.5689;2003;11;Finland
-6.8323;2003;12;Finland
-10.612;2004;1;Finland
-9.7556;2004;2;Finland
-4.2667;2004;3;Finland
1.70681;2004;4;Finland
7.23735;2004;5;Finland
11.5083;2004;6;Finland
16.0333;2004;7;Finland
14.1203;2004;8;Finland
9.68939;2004;9;Finland
2.3926;2004;10;Finland
-4.4628;2004;11;Finland
-5.0162;2004;12;Finland
-5.7935;2005;1;Finland
-8.8873;2005;2;Finland
-8.8322;2005;3;Finland
1.68099;2005;4;Finland
6.71454;2005;5;Finland
13.2062;2005;6;Finland
17.1899;2005;7;Finland
14.7844;2005;8;Finland
9.61851;2005;9;Finland
4.39253;2005;10;Finland
0.81702;2005;11;Finland
-7.9869;2005;12;Finland
-8.5453;2006;1;Finland
-12.738;2006;2;Finland
-10.182;2006;3;Finland
2.17063;2006;4;Finland
8.07036;2006;5;Finland
14.0874;2006;6;Finland
15.8844;2006;7;Finland
16.0539;2006;8;Finland
9.87661;2006;9;Finland
2.31061;2006;10;Finland
-2.8899;2006;11;Finland
-1.6477;2006;12;Finland
-8.9344;2007;1;Finland
-15.579;2007;2;Finland
-0.5443;2007;3;Finland
1.71265;2007;4;Finland
7.37512;2007;5;Finland
12.9696;2007;6;Finland
15.1214;2007;7;Finland
14.9298;2007;8;Finland
7.91034;2007;9;Finland
4.6662;2007;10;Finland
-3.5241;2007;11;Finland
-1.9003;2007;12;Finland
-5.6749;2008;1;Finland
-5.4401;2008;2;Finland
-5.3723;2008;3;Finland
1.24024;2008;4;Finland
6.62258;2008;5;Finland
11.8389;2008;6;Finland
14.4189;2008;7;Finland
11.9675;2008;8;Finland
7.00831;2008;9;Finland
4.04224;2008;10;Finland
-2.2046;2008;11;Finland
-3.0797;2008;12;Finland
-8.871;2009;1;Finland
-10.143;2009;2;Finland
-4.9973;2009;3;Finland
0.46686;2009;4;Finland
9.02093;2009;5;Finland
12.055;2009;6;Finland
14.8377;2009;7;Finland
14.5264;2009;8;Finland
10.1641;2009;9;Finland
-0.0942;2009;10;Finland
-0.5614;2009;11;Finland
-9.6505;2009;12;Finland
-15.161;2010;1;Finland
-13.905;2010;2;Finland
-7.1418;2010;3;Finland
2.11784;2010;4;Finland
9.5041;2010;5;Finland
11.9912;2010;6;Finland
18.0778;2010;7;Finland
13.9037;2010;8;Finland
8.86678;2010;9;Finland
2.93654;2010;10;Finland
-6.882;2010;11;Finland
-13.71;2010;12;Finland
-10.659;2011;1;Finland
-15.656;2011;2;Finland
-4.5645;2011;3;Finland
3.32958;2011;4;Finland
7.81845;2011;5;Finland
14.9712;2011;6;Finland
17.7295;2011;7;Finland
13.9798;2011;8;Finland
10.404;2011;9;Finland
4.54239;2011;10;Finland
0.19336;2011;11;Finland
-1.6035;2011;12;Finland
-10.077;2012;1;Finland
-13.108;2012;2;Finland
-3.3398;2012;3;Finland
-0.033;2012;4;Finland
7.74345;2012;5;Finland
11.6577;2012;6;Finland
15.3767;2012;7;Finland
13.1943;2012;8;Finland
8.89033;2012;9;Finland
2.41814;2012;10;Finland
-1.0292;2012;11;Finland
-12.23;2012;12;Finland
-9.2053;2013;1;Finland
-6.5733;2013;2;Finland
-10.523;2013;3;Finland
0.23657;2013;4;Finland
10.6124;2013;5;Finland
15.5483;2013;6;Finland
15.5339;2013;7;Finland
14.9303;2013;8;Finland
10.1423;2013;9;Finland
3.00814;2013;10;Finland
-1.6914;2013;11;Finland
-3.9378;2013;12;Finland
-11.945;2014;1;Finland
-2.7052;2014;2;Finland
-1.4286;2014;3;Finland
1.77595;2014;4;Finland
7.20407;2014;5;Finland
11.2165;2014;6;Finland
17.9912;2014;7;Finland
14.8299;2014;8;Finland
9.15281;2014;9;Finland
1.58066;2014;10;Finland
-2.6687;2014;11;Finland
-5.6709;2014;12;Finland
-9.5961;2015;1;Finland
-6.8765;2015;2;Finland
-1.0037;2015;3;Finland
2.37329;2015;4;Finland
7.56736;2015;5;Finland
11.5702;2015;6;Finland
12.9445;2015;7;Finland
14.865;2015;8;Finland
10.6605;2015;9;Finland
2.5355;2015;10;Finland
0.10489;2015;11;Finland
-3.7921;2015;12;Finland